Order_ID,Order_Date,Product_ID,Quantity,Customer_Type,Sales_Channel,Revenue_GBP,COGS_GBP,Gross_Profit_GBP
O00001,2025-07-09 00:00:00,P017,1,Retail,Online,139,95,44
O00002,2025-09-01 00:00:00,P009,4,Retail,Direct,356,232,124
O00003,2026-05-20 00:00:00,P017,25,Business,Online,3475,2375,1100
O00004,2025-05-11 00:00:00,P008,20,Retail,Distributor,5180,3700,1480
O00005,2026-04-30 00:00:00,P002,2,Retail,Online,64,36,28
O00006,2025-01-21 00:00:00,P013,26,Business,Online,390,208,182
O00007,2025-06-16 00:00:00,P003,30,Retail,Direct,1470,840,630
O00008,2025-10-01 00:00:00,P016,30,Retail,Online,2370,1440,930
O00009,2026-01-23 00:00:00,P006,5,Retail,Distributor,275,160,115
O00010,2025-11-12 00:00:00,P019,3,Retail,Online,537,375,162
O00011,2025-01-14 00:00:00,P007,29,Retail,Online,4901,3335,1566
O00012,2025-08-30 00:00:00,P010,28,Retail,Online,4172,2940,1232
O00013,2025-12-12 00:00:00,P009,29,Retail,Online,2581,1682,899
O00014,2025-12-06 00:00:00,P002,9,Retail,Direct,288,162,126
O00015,2025-04-02 00:00:00,P015,20,Business,Direct,840,500,340
O00016,2026-01-02 00:00:00,P005,6,Wholesale,Online,354,210,144
O00017,2026-03-31 00:00:00,P004,18,Business,Online,702,396,306
O00018,2026-03-04 00:00:00,P020,6,Wholesale,Direct,390,228,162
O00019,2026-05-24 00:00:00,P004,19,Retail,Distributor,741,418,323
O00020,2025-02-04 00:00:00,P018,28,Wholesale,Online,2660,1736,924
O00021,2025-07-25 00:00:00,P004,12,Retail,Online,468,264,204
O00022,2025-03-22 00:00:00,P017,25,Wholesale,Online,3475,2375,1100
O00023,2026-01-23 00:00:00,P012,11,Wholesale,Distributor,1309,858,451
O00024,2025-01-02 00:00:00,P017,2,Business,Online,278,190,88
O00025,2026-01-25 00:00:00,P010,15,Wholesale,Online,2235,1575,660
O00026,2025-04-16 00:00:00,P001,12,Business,Direct,264,144,120
O00027,2026-04-22 00:00:00,P018,12,Retail,Online,1140,744,396
O00028,2026-02-06 00:00:00,P018,9,Retail,Online,855,558,297
O00029,2025-06-11 00:00:00,P014,21,Business,Online,378,210,168
O00030,2025-07-21 00:00:00,P015,24,Retail,Online,1008,600,408
O00031,2025-09-27 00:00:00,P012,2,Business,Online,238,156,82
O00032,2025-09-28 00:00:00,P004,22,Wholesale,Online,858,484,374
O00033,2026-04-01 00:00:00,P003,3,Retail,Online,147,84,63
O00034,2026-04-07 00:00:00,P020,12,Business,Direct,780,456,324
O00035,2025-09-09 00:00:00,P012,28,Wholesale,Direct,3332,2184,1148
O00036,2025-10-23 00:00:00,P007,30,Wholesale,Direct,5070,3450,1620
O00037,2025-12-04 00:00:00,P011,26,Wholesale,Online,1794,1092,702
O00038,2025-02-22 00:00:00,P001,16,Retail,Online,352,192,160
O00039,2025-08-05 00:00:00,P006,21,Wholesale,Online,1155,672,483
O00040,2025-07-07 00:00:00,P015,28,Business,Online,1176,700,476
O00041,2026-01-15 00:00:00,P015,24,Retail,Online,1008,600,408
O00042,2026-05-08 00:00:00,P019,26,Retail,Direct,4654,3250,1404
O00043,2025-02-10 00:00:00,P011,30,Business,Online,2070,1260,810
O00044,2025-06-06 00:00:00,P002,1,Retail,Online,32,18,14
O00045,2025-01-15 00:00:00,P014,21,Business,Online,378,210,168
O00046,2025-03-06 00:00:00,P002,3,Business,Direct,96,54,42
O00047,2026-06-05 00:00:00,P004,20,Retail,Online,780,440,340
O00048,2025-12-10 00:00:00,P017,2,Business,Direct,278,190,88
O00049,2025-05-09 00:00:00,P003,9,Business,Online,441,252,189
O00050,2026-04-17 00:00:00,P013,19,Retail,Distributor,285,152,133
O00051,2025-03-04 00:00:00,P009,15,Retail,Distributor,1335,870,465
O00052,2025-05-19 00:00:00,P007,18,Retail,Online,3042,2070,972
O00053,2026-05-14 00:00:00,P015,26,Retail,Online,1092,650,442
O00054,2026-01-27 00:00:00,P011,11,Wholesale,Online,759,462,297
O00055,2026-02-23 00:00:00,P020,25,Retail,Online,1625,950,675
O00056,2025-10-16 00:00:00,P002,23,Business,Direct,736,414,322
O00057,2026-01-14 00:00:00,P015,16,Retail,Direct,672,400,272
O00058,2026-05-05 00:00:00,P014,22,Retail,Direct,396,220,176
O00059,2025-08-19 00:00:00,P020,17,Business,Direct,1105,646,459
O00060,2025-02-10 00:00:00,P011,5,Business,Online,345,210,135
O00061,2025-01-28 00:00:00,P003,12,Retail,Online,588,336,252
O00062,2025-05-15 00:00:00,P017,11,Retail,Direct,1529,1045,484
O00063,2025-07-20 00:00:00,P012,30,Retail,Online,3570,2340,1230
O00064,2025-02-02 00:00:00,P015,15,Retail,Direct,630,375,255
O00065,2025-02-17 00:00:00,P016,27,Business,Online,2133,1296,837
O00066,2026-05-18 00:00:00,P005,3,Retail,Online,177,105,72
O00067,2026-02-11 00:00:00,P020,1,Retail,Distributor,65,38,27
O00068,2025-04-09 00:00:00,P006,20,Retail,Online,1100,640,460
O00069,2026-04-07 00:00:00,P019,29,Wholesale,Distributor,5191,3625,1566
O00070,2025-01-05 00:00:00,P005,16,Wholesale,Distributor,944,560,384
O00071,2025-08-06 00:00:00,P003,2,Retail,Direct,98,56,42
O00072,2026-05-18 00:00:00,P001,2,Business,Direct,44,24,20
O00073,2026-02-02 00:00:00,P006,3,Retail,Direct,165,96,69
O00074,2026-01-28 00:00:00,P015,8,Retail,Distributor,336,200,136
O00075,2025-07-26 00:00:00,P002,24,Business,Online,768,432,336
O00076,2025-01-15 00:00:00,P003,28,Wholesale,Online,1372,784,588
O00077,2026-04-06 00:00:00,P017,15,Wholesale,Direct,2085,1425,660
O00078,2025-08-29 00:00:00,P012,7,Business,Online,833,546,287
O00079,2025-04-06 00:00:00,P018,6,Retail,Online,570,372,198
O00080,2026-04-30 00:00:00,P015,9,Business,Online,378,225,153
O00081,2026-02-11 00:00:00,P012,20,Retail,Direct,2380,1560,820
O00082,2025-08-19 00:00:00,P016,28,Business,Distributor,2212,1344,868
O00083,2025-06-20 00:00:00,P008,1,Retail,Online,259,185,74
O00084,2026-06-25 00:00:00,P014,8,Business,Distributor,144,80,64
O00085,2025-02-05 00:00:00,P017,23,Retail,Direct,3197,2185,1012
O00086,2026-06-09 00:00:00,P008,23,Retail,Direct,5957,4255,1702
O00087,2025-06-09 00:00:00,P015,3,Wholesale,Direct,126,75,51
O00088,2025-08-31 00:00:00,P014,4,Retail,Direct,72,40,32
O00089,2025-03-27 00:00:00,P018,26,Retail,Online,2470,1612,858
O00090,2025-01-28 00:00:00,P020,25,Retail,Direct,1625,950,675
O00091,2025-12-06 00:00:00,P007,15,Retail,Online,2535,1725,810
O00092,2025-11-27 00:00:00,P003,6,Retail,Distributor,294,168,126
O00093,2026-05-21 00:00:00,P012,15,Retail,Distributor,1785,1170,615
O00094,2025-12-14 00:00:00,P003,21,Wholesale,Online,1029,588,441
O00095,2026-04-18 00:00:00,P020,3,Retail,Online,195,114,81
O00096,2025-08-19 00:00:00,P014,25,Wholesale,Direct,450,250,200
O00097,2025-07-09 00:00:00,P015,21,Business,Online,882,525,357
O00098,2025-08-13 00:00:00,P014,21,Retail,Distributor,378,210,168
O00099,2026-01-20 00:00:00,P007,14,Business,Online,2366,1610,756
O00100,2026-01-12 00:00:00,P017,20,Retail,Online,2780,1900,880
O00101,2025-10-10 00:00:00,P012,14,Business,Distributor,1666,1092,574
O00102,2025-09-16 00:00:00,P020,4,Retail,Direct,260,152,108
O00103,2025-12-25 00:00:00,P004,12,Retail,Direct,468,264,204
O00104,2026-04-01 00:00:00,P009,17,Wholesale,Online,1513,986,527
O00105,2026-02-15 00:00:00,P006,7,Wholesale,Direct,385,224,161
O00106,2025-11-14 00:00:00,P016,9,Wholesale,Direct,711,432,279
O00107,2025-08-13 00:00:00,P002,3,Retail,Direct,96,54,42
O00108,2025-08-22 00:00:00,P008,28,Business,Direct,7252,5180,2072
O00109,2026-01-09 00:00:00,P011,13,Retail,Direct,897,546,351
O00110,2026-04-17 00:00:00,P013,15,Retail,Online,225,120,105
O00111,2025-08-21 00:00:00,P017,18,Retail,Online,2502,1710,792
O00112,2025-04-23 00:00:00,P008,19,Business,Direct,4921,3515,1406
O00113,2026-05-12 00:00:00,P018,1,Retail,Online,95,62,33
O00114,2026-03-18 00:00:00,P018,6,Retail,Direct,570,372,198
O00115,2025-09-25 00:00:00,P014,27,Wholesale,Online,486,270,216
O00116,2026-05-25 00:00:00,P015,27,Retail,Direct,1134,675,459
O00117,2026-01-21 00:00:00,P006,23,Retail,Direct,1265,736,529
O00118,2026-01-22 00:00:00,P011,27,Retail,Online,1863,1134,729
O00119,2025-04-23 00:00:00,P013,27,Wholesale,Online,405,216,189
O00120,2025-03-22 00:00:00,P001,2,Retail,Online,44,24,20
O00121,2025-04-23 00:00:00,P006,24,Retail,Direct,1320,768,552
O00122,2025-01-02 00:00:00,P009,14,Business,Direct,1246,812,434
O00123,2025-08-08 00:00:00,P008,6,Business,Online,1554,1110,444
O00124,2025-08-13 00:00:00,P011,14,Retail,Direct,966,588,378
O00125,2026-01-20 00:00:00,P019,4,Business,Online,716,500,216
O00126,2026-02-07 00:00:00,P009,21,Business,Online,1869,1218,651
O00127,2025-05-10 00:00:00,P017,8,Business,Distributor,1112,760,352
O00128,2025-02-22 00:00:00,P012,30,Retail,Online,3570,2340,1230
O00129,2026-02-20 00:00:00,P014,3,Wholesale,Online,54,30,24
O00130,2025-09-04 00:00:00,P015,19,Retail,Online,798,475,323
O00131,2026-03-15 00:00:00,P016,30,Retail,Online,2370,1440,930
O00132,2025-07-22 00:00:00,P020,14,Retail,Online,910,532,378
O00133,2025-07-03 00:00:00,P001,27,Retail,Online,594,324,270
O00134,2025-05-03 00:00:00,P010,20,Retail,Direct,2980,2100,880
O00135,2026-02-05 00:00:00,P008,17,Business,Online,4403,3145,1258
O00136,2025-10-21 00:00:00,P018,25,Retail,Online,2375,1550,825
O00137,2025-10-07 00:00:00,P001,8,Retail,Online,176,96,80
O00138,2025-07-17 00:00:00,P002,24,Retail,Online,768,432,336
O00139,2026-05-26 00:00:00,P001,14,Retail,Direct,308,168,140
O00140,2025-05-24 00:00:00,P001,26,Wholesale,Distributor,572,312,260
O00141,2025-07-20 00:00:00,P009,6,Retail,Online,534,348,186
O00142,2025-05-04 00:00:00,P013,23,Retail,Distributor,345,184,161
O00143,2025-07-06 00:00:00,P001,22,Retail,Direct,484,264,220
O00144,2025-11-22 00:00:00,P013,16,Retail,Direct,240,128,112
O00145,2026-04-09 00:00:00,P020,25,Retail,Online,1625,950,675
O00146,2025-12-15 00:00:00,P007,19,Business,Online,3211,2185,1026
O00147,2026-02-07 00:00:00,P002,14,Wholesale,Online,448,252,196
O00148,2025-12-12 00:00:00,P006,19,Retail,Direct,1045,608,437
O00149,2026-05-26 00:00:00,P007,3,Business,Online,507,345,162
O00150,2025-05-27 00:00:00,P014,10,Business,Distributor,180,100,80
O00151,2025-05-28 00:00:00,P018,19,Business,Online,1805,1178,627
O00152,2026-05-04 00:00:00,P015,9,Retail,Online,378,225,153
O00153,2025-12-04 00:00:00,P002,28,Retail,Direct,896,504,392
O00154,2026-04-18 00:00:00,P010,20,Retail,Online,2980,2100,880
O00155,2025-05-31 00:00:00,P012,13,Business,Online,1547,1014,533
O00156,2026-02-19 00:00:00,P017,7,Business,Direct,973,665,308
O00157,2025-10-25 00:00:00,P008,14,Retail,Distributor,3626,2590,1036
O00158,2025-09-20 00:00:00,P011,9,Retail,Direct,621,378,243
O00159,2025-05-24 00:00:00,P003,27,Wholesale,Direct,1323,756,567
O00160,2025-12-12 00:00:00,P006,28,Business,Direct,1540,896,644
O00161,2025-01-02 00:00:00,P009,23,Wholesale,Distributor,2047,1334,713
O00162,2025-10-31 00:00:00,P006,25,Business,Online,1375,800,575
O00163,2025-09-11 00:00:00,P009,28,Retail,Online,2492,1624,868
O00164,2026-03-29 00:00:00,P007,19,Business,Online,3211,2185,1026
O00165,2025-02-06 00:00:00,P009,15,Business,Online,1335,870,465
O00166,2025-06-09 00:00:00,P018,20,Retail,Direct,1900,1240,660
O00167,2025-01-09 00:00:00,P012,14,Retail,Direct,1666,1092,574
O00168,2025-08-21 00:00:00,P008,24,Business,Direct,6216,4440,1776
O00169,2025-04-09 00:00:00,P008,6,Retail,Online,1554,1110,444
O00170,2025-07-27 00:00:00,P018,21,Business,Direct,1995,1302,693
O00171,2025-05-11 00:00:00,P020,29,Business,Online,1885,1102,783
O00172,2026-02-08 00:00:00,P015,4,Wholesale,Direct,168,100,68
O00173,2025-06-01 00:00:00,P007,8,Retail,Direct,1352,920,432
O00174,2025-02-23 00:00:00,P011,17,Retail,Online,1173,714,459
O00175,2025-04-30 00:00:00,P020,30,Business,Online,1950,1140,810
O00176,2026-02-24 00:00:00,P016,9,Retail,Online,711,432,279
O00177,2026-02-26 00:00:00,P004,1,Business,Direct,39,22,17
O00178,2025-04-14 00:00:00,P006,24,Business,Distributor,1320,768,552
O00179,2025-09-11 00:00:00,P003,20,Retail,Direct,980,560,420
O00180,2025-08-15 00:00:00,P009,25,Retail,Online,2225,1450,775
O00181,2025-04-22 00:00:00,P010,14,Retail,Online,2086,1470,616
O00182,2026-05-25 00:00:00,P014,11,Retail,Direct,198,110,88
O00183,2026-04-18 00:00:00,P011,21,Wholesale,Direct,1449,882,567
O00184,2025-04-09 00:00:00,P018,3,Business,Online,285,186,99
O00185,2025-06-02 00:00:00,P012,9,Business,Online,1071,702,369
O00186,2025-12-04 00:00:00,P012,27,Business,Direct,3213,2106,1107
O00187,2025-06-12 00:00:00,P013,14,Retail,Online,210,112,98
O00188,2025-06-10 00:00:00,P013,30,Wholesale,Online,450,240,210
O00189,2026-02-02 00:00:00,P019,9,Business,Online,1611,1125,486
O00190,2025-10-04 00:00:00,P019,4,Business,Online,716,500,216
O00191,2026-05-19 00:00:00,P014,27,Wholesale,Distributor,486,270,216
O00192,2026-01-27 00:00:00,P004,4,Retail,Distributor,156,88,68
O00193,2025-05-15 00:00:00,P013,28,Business,Direct,420,224,196
O00194,2025-07-14 00:00:00,P008,8,Retail,Online,2072,1480,592
O00195,2026-02-05 00:00:00,P019,2,Retail,Online,358,250,108
O00196,2025-02-02 00:00:00,P012,9,Retail,Online,1071,702,369
O00197,2026-04-05 00:00:00,P018,29,Wholesale,Online,2755,1798,957
O00198,2026-04-15 00:00:00,P006,14,Wholesale,Direct,770,448,322
O00199,2026-01-10 00:00:00,P018,22,Business,Online,2090,1364,726
O00200,2025-01-22 00:00:00,P019,9,Business,Online,1611,1125,486
O00201,2025-02-07 00:00:00,P005,24,Business,Online,1416,840,576
O00202,2025-08-18 00:00:00,P009,23,Wholesale,Online,2047,1334,713
O00203,2025-12-31 00:00:00,P003,16,Retail,Online,784,448,336
O00204,2026-03-14 00:00:00,P010,29,Retail,Online,4321,3045,1276
O00205,2025-10-10 00:00:00,P019,30,Retail,Distributor,5370,3750,1620
O00206,2025-01-27 00:00:00,P003,17,Business,Online,833,476,357
O00207,2025-08-14 00:00:00,P015,16,Business,Online,672,400,272
O00208,2025-10-04 00:00:00,P001,30,Retail,Distributor,660,360,300
O00209,2025-10-11 00:00:00,P007,12,Retail,Distributor,2028,1380,648
O00210,2026-04-26 00:00:00,P012,3,Business,Direct,357,234,123
O00211,2026-03-29 00:00:00,P017,11,Retail,Direct,1529,1045,484
O00212,2026-05-31 00:00:00,P020,14,Business,Online,910,532,378
O00213,2025-07-11 00:00:00,P005,18,Wholesale,Online,1062,630,432
O00214,2025-02-18 00:00:00,P004,21,Retail,Online,819,462,357
O00215,2026-05-27 00:00:00,P012,21,Retail,Direct,2499,1638,861
O00216,2025-01-17 00:00:00,P020,5,Business,Direct,325,190,135
O00217,2025-06-21 00:00:00,P018,16,Business,Online,1520,992,528
O00218,2025-08-08 00:00:00,P017,20,Retail,Online,2780,1900,880
O00219,2025-06-07 00:00:00,P019,5,Wholesale,Direct,895,625,270
O00220,2026-04-22 00:00:00,P009,3,Retail,Online,267,174,93
O00221,2025-02-15 00:00:00,P004,12,Retail,Direct,468,264,204
O00222,2026-01-08 00:00:00,P002,1,Business,Direct,32,18,14
O00223,2026-06-02 00:00:00,P004,21,Wholesale,Direct,819,462,357
O00224,2025-04-09 00:00:00,P002,29,Retail,Direct,928,522,406
O00225,2025-02-06 00:00:00,P015,9,Business,Distributor,378,225,153
O00226,2025-10-07 00:00:00,P002,29,Business,Online,928,522,406
O00227,2025-12-15 00:00:00,P004,9,Retail,Direct,351,198,153
O00228,2026-05-12 00:00:00,P006,4,Retail,Direct,220,128,92
O00229,2025-10-29 00:00:00,P007,3,Wholesale,Online,507,345,162
O00230,2025-06-30 00:00:00,P010,17,Retail,Online,2533,1785,748
O00231,2025-04-09 00:00:00,P019,2,Retail,Online,358,250,108
O00232,2025-04-26 00:00:00,P019,24,Retail,Online,4296,3000,1296
O00233,2025-07-10 00:00:00,P012,1,Wholesale,Direct,119,78,41
O00234,2025-09-10 00:00:00,P003,8,Business,Direct,392,224,168
O00235,2025-06-10 00:00:00,P013,13,Business,Online,195,104,91
O00236,2025-09-13 00:00:00,P018,23,Retail,Online,2185,1426,759
O00237,2025-11-19 00:00:00,P008,15,Business,Distributor,3885,2775,1110
O00238,2025-05-08 00:00:00,P015,8,Business,Online,336,200,136
O00239,2025-01-18 00:00:00,P001,12,Business,Online,264,144,120
O00240,2025-11-19 00:00:00,P003,22,Wholesale,Direct,1078,616,462
O00241,2025-10-15 00:00:00,P008,12,Retail,Online,3108,2220,888
O00242,2025-06-04 00:00:00,P004,14,Business,Online,546,308,238
O00243,2026-05-05 00:00:00,P016,15,Retail,Online,1185,720,465
O00244,2026-01-21 00:00:00,P010,15,Retail,Online,2235,1575,660
O00245,2025-04-14 00:00:00,P012,9,Retail,Direct,1071,702,369
O00246,2026-01-28 00:00:00,P014,19,Retail,Online,342,190,152
O00247,2025-09-03 00:00:00,P014,26,Retail,Online,468,260,208
O00248,2025-06-25 00:00:00,P002,20,Business,Direct,640,360,280
O00249,2025-02-08 00:00:00,P005,29,Retail,Direct,1711,1015,696
O00250,2026-04-22 00:00:00,P005,22,Business,Online,1298,770,528
O00251,2026-06-22 00:00:00,P006,8,Retail,Online,440,256,184
O00252,2026-02-12 00:00:00,P013,21,Retail,Direct,315,168,147
O00253,2026-06-09 00:00:00,P009,19,Business,Online,1691,1102,589
O00254,2026-05-21 00:00:00,P015,6,Retail,Online,252,150,102
O00255,2025-02-05 00:00:00,P014,20,Retail,Direct,360,200,160
O00256,2025-01-20 00:00:00,P007,25,Business,Distributor,4225,2875,1350
O00257,2025-11-17 00:00:00,P020,29,Retail,Direct,1885,1102,783
O00258,2026-05-27 00:00:00,P002,19,Retail,Direct,608,342,266
O00259,2026-02-04 00:00:00,P007,4,Retail,Direct,676,460,216
O00260,2026-04-16 00:00:00,P006,23,Wholesale,Online,1265,736,529
O00261,2025-05-23 00:00:00,P017,7,Business,Direct,973,665,308
O00262,2025-04-02 00:00:00,P002,28,Business,Online,896,504,392
O00263,2025-12-20 00:00:00,P003,28,Business,Online,1372,784,588
O00264,2025-02-20 00:00:00,P005,4,Retail,Direct,236,140,96
O00265,2025-07-09 00:00:00,P005,22,Retail,Direct,1298,770,528
O00266,2025-05-05 00:00:00,P001,12,Business,Online,264,144,120
O00267,2025-05-30 00:00:00,P008,13,Retail,Distributor,3367,2405,962
O00268,2025-11-10 00:00:00,P012,3,Retail,Online,357,234,123
O00269,2025-12-08 00:00:00,P004,22,Retail,Online,858,484,374
O00270,2025-11-01 00:00:00,P013,12,Retail,Online,180,96,84
O00271,2025-02-23 00:00:00,P015,2,Wholesale,Direct,84,50,34
O00272,2026-03-20 00:00:00,P011,24,Retail,Direct,1656,1008,648
O00273,2025-09-21 00:00:00,P010,2,Retail,Online,298,210,88
O00274,2025-02-22 00:00:00,P003,27,Retail,Direct,1323,756,567
O00275,2025-01-05 00:00:00,P014,23,Wholesale,Online,414,230,184
O00276,2025-04-13 00:00:00,P016,9,Retail,Direct,711,432,279
O00277,2025-07-15 00:00:00,P010,1,Retail,Online,149,105,44
O00278,2025-12-16 00:00:00,P010,8,Business,Online,1192,840,352
O00279,2025-02-16 00:00:00,P012,23,Business,Distributor,2737,1794,943
O00280,2025-09-26 00:00:00,P009,6,Retail,Online,534,348,186
O00281,2026-01-05 00:00:00,P001,6,Retail,Online,132,72,60
O00282,2025-04-16 00:00:00,P005,22,Retail,Direct,1298,770,528
O00283,2025-04-30 00:00:00,P020,25,Retail,Distributor,1625,950,675
O00284,2025-02-27 00:00:00,P008,18,Retail,Online,4662,3330,1332
O00285,2025-12-12 00:00:00,P011,17,Retail,Online,1173,714,459
O00286,2026-04-19 00:00:00,P012,29,Retail,Online,3451,2262,1189
O00287,2025-04-27 00:00:00,P001,12,Retail,Online,264,144,120
O00288,2025-05-07 00:00:00,P020,6,Business,Online,390,228,162
O00289,2026-01-28 00:00:00,P011,26,Wholesale,Direct,1794,1092,702
O00290,2025-02-27 00:00:00,P005,27,Business,Distributor,1593,945,648
O00291,2026-05-28 00:00:00,P015,8,Retail,Online,336,200,136
O00292,2025-04-06 00:00:00,P005,19,Retail,Online,1121,665,456
O00293,2025-04-28 00:00:00,P012,28,Wholesale,Online,3332,2184,1148
O00294,2026-05-03 00:00:00,P005,10,Retail,Online,590,350,240
O00295,2025-08-25 00:00:00,P017,1,Retail,Distributor,139,95,44
O00296,2025-09-29 00:00:00,P017,25,Business,Online,3475,2375,1100
O00297,2025-07-08 00:00:00,P012,29,Business,Online,3451,2262,1189
O00298,2026-03-23 00:00:00,P015,13,Business,Direct,546,325,221
O00299,2025-09-04 00:00:00,P015,17,Retail,Online,714,425,289
O00300,2025-03-17 00:00:00,P006,3,Retail,Direct,165,96,69
O00301,2025-06-03 00:00:00,P012,8,Wholesale,Online,952,624,328
O00302,2026-03-11 00:00:00,P020,14,Retail,Direct,910,532,378
O00303,2025-03-27 00:00:00,P018,3,Business,Distributor,285,186,99
O00304,2025-10-12 00:00:00,P014,16,Business,Direct,288,160,128
O00305,2025-08-08 00:00:00,P002,13,Business,Distributor,416,234,182
O00306,2025-03-10 00:00:00,P009,20,Retail,Online,1780,1160,620
O00307,2025-02-16 00:00:00,P005,24,Retail,Online,1416,840,576
O00308,2025-04-04 00:00:00,P020,17,Business,Direct,1105,646,459
O00309,2026-03-29 00:00:00,P001,13,Wholesale,Direct,286,156,130
O00310,2025-07-23 00:00:00,P003,29,Wholesale,Online,1421,812,609
O00311,2025-08-06 00:00:00,P006,6,Retail,Online,330,192,138
O00312,2026-04-19 00:00:00,P005,17,Retail,Online,1003,595,408
O00313,2026-03-08 00:00:00,P005,14,Wholesale,Online,826,490,336
O00314,2025-12-07 00:00:00,P001,17,Business,Online,374,204,170
O00315,2025-10-16 00:00:00,P017,30,Wholesale,Direct,4170,2850,1320
O00316,2025-09-11 00:00:00,P019,8,Retail,Online,1432,1000,432
O00317,2025-12-23 00:00:00,P014,11,Business,Online,198,110,88
O00318,2025-01-23 00:00:00,P012,20,Business,Direct,2380,1560,820
O00319,2026-06-06 00:00:00,P010,28,Business,Direct,4172,2940,1232
O00320,2025-04-10 00:00:00,P020,1,Retail,Distributor,65,38,27
O00321,2025-06-29 00:00:00,P018,26,Retail,Direct,2470,1612,858
O00322,2025-08-11 00:00:00,P011,7,Business,Online,483,294,189
O00323,2026-03-18 00:00:00,P002,21,Retail,Direct,672,378,294
O00324,2025-11-21 00:00:00,P018,21,Retail,Online,1995,1302,693
O00325,2026-05-31 00:00:00,P007,17,Wholesale,Online,2873,1955,918
O00326,2025-01-16 00:00:00,P015,30,Retail,Direct,1260,750,510
O00327,2025-12-02 00:00:00,P011,10,Business,Distributor,690,420,270
O00328,2025-09-15 00:00:00,P018,11,Retail,Online,1045,682,363
O00329,2026-05-12 00:00:00,P012,22,Business,Online,2618,1716,902
O00330,2025-06-09 00:00:00,P006,30,Wholesale,Online,1650,960,690
O00331,2026-04-20 00:00:00,P020,9,Retail,Online,585,342,243
O00332,2026-01-15 00:00:00,P013,9,Retail,Online,135,72,63
O00333,2026-06-29 00:00:00,P020,24,Retail,Direct,1560,912,648
O00334,2026-03-03 00:00:00,P016,5,Retail,Online,395,240,155
O00335,2025-09-25 00:00:00,P018,17,Business,Distributor,1615,1054,561
O00336,2026-02-21 00:00:00,P010,9,Wholesale,Direct,1341,945,396
O00337,2025-06-17 00:00:00,P008,17,Retail,Direct,4403,3145,1258
O00338,2025-02-12 00:00:00,P018,24,Retail,Direct,2280,1488,792
O00339,2025-10-12 00:00:00,P001,21,Retail,Online,462,252,210
O00340,2026-02-01 00:00:00,P008,19,Business,Online,4921,3515,1406
O00341,2025-01-12 00:00:00,P006,27,Retail,Direct,1485,864,621
O00342,2025-10-29 00:00:00,P005,7,Business,Direct,413,245,168
O00343,2025-09-10 00:00:00,P015,23,Business,Direct,966,575,391
O00344,2026-05-14 00:00:00,P015,9,Business,Online,378,225,153
O00345,2025-02-04 00:00:00,P002,7,Retail,Distributor,224,126,98
O00346,2025-03-31 00:00:00,P001,13,Business,Online,286,156,130
O00347,2026-02-22 00:00:00,P011,11,Retail,Distributor,759,462,297
O00348,2025-04-25 00:00:00,P010,14,Retail,Distributor,2086,1470,616
O00349,2025-07-15 00:00:00,P018,19,Wholesale,Online,1805,1178,627
O00350,2026-05-16 00:00:00,P018,11,Business,Direct,1045,682,363
O00351,2026-05-08 00:00:00,P017,13,Retail,Online,1807,1235,572
O00352,2025-03-16 00:00:00,P008,14,Retail,Online,3626,2590,1036
O00353,2026-02-17 00:00:00,P015,13,Retail,Online,546,325,221
O00354,2026-01-11 00:00:00,P008,1,Retail,Direct,259,185,74
O00355,2026-02-24 00:00:00,P017,8,Retail,Distributor,1112,760,352
O00356,2025-10-04 00:00:00,P012,12,Retail,Direct,1428,936,492
O00357,2026-01-29 00:00:00,P008,19,Retail,Online,4921,3515,1406
O00358,2026-04-02 00:00:00,P014,12,Business,Direct,216,120,96
O00359,2025-07-11 00:00:00,P004,8,Business,Distributor,312,176,136
O00360,2025-04-09 00:00:00,P001,8,Business,Online,176,96,80
O00361,2025-04-06 00:00:00,P001,29,Retail,Distributor,638,348,290
O00362,2025-07-09 00:00:00,P019,21,Wholesale,Online,3759,2625,1134
O00363,2025-02-06 00:00:00,P016,13,Business,Direct,1027,624,403
O00364,2026-01-04 00:00:00,P014,12,Business,Online,216,120,96
O00365,2026-06-09 00:00:00,P016,29,Business,Online,2291,1392,899
O00366,2025-10-06 00:00:00,P005,16,Wholesale,Online,944,560,384
O00367,2025-08-05 00:00:00,P009,1,Retail,Direct,89,58,31
O00368,2025-09-30 00:00:00,P002,13,Retail,Online,416,234,182
O00369,2025-03-03 00:00:00,P018,26,Business,Online,2470,1612,858
O00370,2025-12-08 00:00:00,P006,7,Business,Direct,385,224,161
O00371,2026-02-01 00:00:00,P009,28,Business,Distributor,2492,1624,868
O00372,2025-01-19 00:00:00,P001,26,Retail,Online,572,312,260
O00373,2025-06-26 00:00:00,P009,5,Retail,Online,445,290,155
O00374,2026-01-31 00:00:00,P016,8,Retail,Online,632,384,248
O00375,2026-03-21 00:00:00,P013,25,Wholesale,Online,375,200,175
O00376,2025-08-21 00:00:00,P009,27,Business,Direct,2403,1566,837
O00377,2025-03-17 00:00:00,P013,14,Retail,Direct,210,112,98
O00378,2025-09-22 00:00:00,P009,23,Retail,Direct,2047,1334,713
O00379,2026-03-31 00:00:00,P011,30,Retail,Online,2070,1260,810
O00380,2026-01-19 00:00:00,P004,13,Wholesale,Direct,507,286,221
O00381,2026-05-21 00:00:00,P002,15,Business,Direct,480,270,210
O00382,2026-01-02 00:00:00,P006,23,Business,Direct,1265,736,529
O00383,2025-05-24 00:00:00,P014,17,Retail,Direct,306,170,136
O00384,2025-03-10 00:00:00,P004,15,Business,Direct,585,330,255
O00385,2025-04-09 00:00:00,P006,20,Retail,Direct,1100,640,460
O00386,2026-01-31 00:00:00,P019,18,Business,Online,3222,2250,972
O00387,2025-01-25 00:00:00,P006,18,Retail,Distributor,990,576,414
O00388,2026-04-14 00:00:00,P002,2,Retail,Online,64,36,28
O00389,2026-04-29 00:00:00,P018,4,Business,Direct,380,248,132
O00390,2025-05-31 00:00:00,P013,30,Wholesale,Online,450,240,210
O00391,2025-05-24 00:00:00,P009,1,Retail,Direct,89,58,31
O00392,2025-02-08 00:00:00,P019,4,Business,Direct,716,500,216
O00393,2025-04-19 00:00:00,P013,18,Retail,Online,270,144,126
O00394,2025-02-11 00:00:00,P011,5,Retail,Online,345,210,135
O00395,2025-07-05 00:00:00,P001,19,Retail,Direct,418,228,190
O00396,2026-02-02 00:00:00,P007,15,Retail,Direct,2535,1725,810
O00397,2025-08-11 00:00:00,P015,28,Retail,Online,1176,700,476
O00398,2025-05-13 00:00:00,P001,8,Retail,Online,176,96,80
O00399,2025-06-12 00:00:00,P012,20,Retail,Direct,2380,1560,820
O00400,2025-08-03 00:00:00,P007,17,Wholesale,Online,2873,1955,918
O00401,2025-08-23 00:00:00,P015,1,Retail,Online,42,25,17
O00402,2025-01-09 00:00:00,P019,12,Business,Online,2148,1500,648
O00403,2025-03-15 00:00:00,P001,26,Retail,Online,572,312,260
O00404,2026-05-07 00:00:00,P017,19,Business,Online,2641,1805,836
O00405,2025-09-10 00:00:00,P017,15,Retail,Online,2085,1425,660
O00406,2025-08-18 00:00:00,P003,9,Retail,Online,441,252,189
O00407,2026-06-03 00:00:00,P012,7,Retail,Online,833,546,287
O00408,2025-06-23 00:00:00,P006,2,Retail,Online,110,64,46
O00409,2025-06-17 00:00:00,P011,29,Retail,Online,2001,1218,783
O00410,2025-06-19 00:00:00,P003,9,Business,Online,441,252,189
O00411,2026-01-28 00:00:00,P008,10,Wholesale,Direct,2590,1850,740
O00412,2025-07-13 00:00:00,P014,2,Business,Online,36,20,16
O00413,2026-06-01 00:00:00,P014,19,Business,Online,342,190,152
O00414,2025-01-29 00:00:00,P010,11,Retail,Online,1639,1155,484
O00415,2025-06-14 00:00:00,P002,13,Retail,Online,416,234,182
O00416,2026-02-26 00:00:00,P014,10,Retail,Direct,180,100,80
O00417,2025-12-05 00:00:00,P009,14,Retail,Direct,1246,812,434
O00418,2026-05-11 00:00:00,P003,18,Retail,Distributor,882,504,378
O00419,2025-12-31 00:00:00,P008,19,Retail,Direct,4921,3515,1406
O00420,2025-12-08 00:00:00,P016,22,Retail,Distributor,1738,1056,682
O00421,2026-05-15 00:00:00,P002,9,Retail,Online,288,162,126
O00422,2026-05-26 00:00:00,P006,25,Business,Online,1375,800,575
O00423,2025-11-23 00:00:00,P012,7,Business,Online,833,546,287
O00424,2025-08-05 00:00:00,P005,28,Retail,Online,1652,980,672
O00425,2025-10-28 00:00:00,P002,3,Wholesale,Online,96,54,42
O00426,2025-05-12 00:00:00,P016,20,Wholesale,Direct,1580,960,620
O00427,2025-03-11 00:00:00,P005,6,Retail,Online,354,210,144
O00428,2025-09-09 00:00:00,P015,27,Retail,Distributor,1134,675,459
O00429,2026-02-19 00:00:00,P012,21,Retail,Direct,2499,1638,861
O00430,2026-03-21 00:00:00,P004,2,Wholesale,Online,78,44,34
O00431,2025-07-01 00:00:00,P015,29,Wholesale,Online,1218,725,493
O00432,2025-06-16 00:00:00,P011,6,Retail,Online,414,252,162
O00433,2025-04-01 00:00:00,P016,3,Retail,Online,237,144,93
O00434,2026-06-15 00:00:00,P006,16,Business,Online,880,512,368
O00435,2025-02-08 00:00:00,P014,30,Retail,Online,540,300,240
O00436,2025-05-06 00:00:00,P018,8,Retail,Online,760,496,264
O00437,2026-03-27 00:00:00,P012,2,Wholesale,Online,238,156,82
O00438,2025-06-22 00:00:00,P011,17,Business,Distributor,1173,714,459
O00439,2025-08-08 00:00:00,P013,9,Business,Direct,135,72,63
O00440,2025-02-27 00:00:00,P011,30,Wholesale,Distributor,2070,1260,810
O00441,2026-04-21 00:00:00,P016,12,Business,Online,948,576,372
O00442,2026-04-01 00:00:00,P015,3,Retail,Online,126,75,51
O00443,2025-12-27 00:00:00,P015,11,Business,Direct,462,275,187
O00444,2025-01-01 00:00:00,P004,1,Retail,Online,39,22,17
O00445,2026-01-22 00:00:00,P011,23,Business,Online,1587,966,621
O00446,2025-12-14 00:00:00,P019,13,Retail,Direct,2327,1625,702
O00447,2025-07-09 00:00:00,P015,15,Business,Direct,630,375,255
O00448,2026-05-20 00:00:00,P004,26,Retail,Online,1014,572,442
O00449,2025-07-10 00:00:00,P013,5,Retail,Online,75,40,35
O00450,2026-05-23 00:00:00,P019,21,Retail,Online,3759,2625,1134
O00451,2026-01-04 00:00:00,P002,30,Retail,Online,960,540,420
O00452,2026-02-13 00:00:00,P014,17,Business,Online,306,170,136
O00453,2025-04-27 00:00:00,P004,25,Business,Online,975,550,425
O00454,2025-05-14 00:00:00,P016,23,Retail,Online,1817,1104,713
O00455,2025-02-27 00:00:00,P020,24,Retail,Distributor,1560,912,648
O00456,2025-06-22 00:00:00,P014,25,Retail,Direct,450,250,200
O00457,2025-05-29 00:00:00,P015,6,Retail,Direct,252,150,102
O00458,2025-03-21 00:00:00,P003,28,Retail,Online,1372,784,588
O00459,2025-08-01 00:00:00,P008,21,Wholesale,Online,5439,3885,1554
O00460,2025-07-22 00:00:00,P016,22,Retail,Online,1738,1056,682
O00461,2025-08-17 00:00:00,P010,11,Retail,Online,1639,1155,484
O00462,2025-08-15 00:00:00,P004,18,Retail,Online,702,396,306
O00463,2026-06-16 00:00:00,P018,4,Retail,Direct,380,248,132
O00464,2026-03-17 00:00:00,P002,3,Retail,Direct,96,54,42
O00465,2026-02-06 00:00:00,P017,13,Business,Online,1807,1235,572
O00466,2025-02-16 00:00:00,P013,23,Retail,Online,345,184,161
O00467,2025-08-21 00:00:00,P004,9,Retail,Distributor,351,198,153
O00468,2025-11-01 00:00:00,P011,21,Retail,Online,1449,882,567
O00469,2026-06-10 00:00:00,P007,6,Retail,Online,1014,690,324
O00470,2025-05-23 00:00:00,P012,26,Retail,Online,3094,2028,1066
O00471,2026-02-19 00:00:00,P010,30,Wholesale,Direct,4470,3150,1320
O00472,2026-05-28 00:00:00,P007,28,Business,Distributor,4732,3220,1512
O00473,2026-01-08 00:00:00,P013,12,Business,Online,180,96,84
O00474,2025-09-16 00:00:00,P007,2,Retail,Distributor,338,230,108
O00475,2026-04-16 00:00:00,P017,3,Retail,Direct,417,285,132
O00476,2025-01-12 00:00:00,P010,3,Retail,Online,447,315,132
O00477,2025-11-26 00:00:00,P010,28,Business,Online,4172,2940,1232
O00478,2025-12-24 00:00:00,P004,12,Business,Online,468,264,204
O00479,2026-02-12 00:00:00,P020,15,Retail,Distributor,975,570,405
O00480,2026-01-08 00:00:00,P004,9,Retail,Online,351,198,153
O00481,2025-01-08 00:00:00,P007,23,Retail,Direct,3887,2645,1242
O00482,2025-05-02 00:00:00,P001,8,Wholesale,Online,176,96,80
O00483,2025-12-14 00:00:00,P012,11,Business,Direct,1309,858,451
O00484,2025-03-31 00:00:00,P013,16,Retail,Online,240,128,112
O00485,2025-11-12 00:00:00,P010,26,Retail,Direct,3874,2730,1144
O00486,2025-06-27 00:00:00,P015,27,Business,Direct,1134,675,459
O00487,2026-06-24 00:00:00,P013,25,Retail,Direct,375,200,175
O00488,2025-02-10 00:00:00,P009,22,Retail,Distributor,1958,1276,682
O00489,2026-05-17 00:00:00,P009,4,Retail,Online,356,232,124
O00490,2025-05-25 00:00:00,P015,28,Business,Direct,1176,700,476
O00491,2025-07-20 00:00:00,P010,1,Retail,Online,149,105,44
O00492,2026-04-06 00:00:00,P010,24,Retail,Online,3576,2520,1056
O00493,2025-09-10 00:00:00,P008,7,Wholesale,Online,1813,1295,518
O00494,2026-01-25 00:00:00,P016,2,Retail,Online,158,96,62
O00495,2025-09-13 00:00:00,P017,24,Retail,Online,3336,2280,1056
O00496,2026-03-26 00:00:00,P005,28,Retail,Distributor,1652,980,672
O00497,2025-01-10 00:00:00,P004,5,Retail,Online,195,110,85
O00498,2025-08-30 00:00:00,P018,7,Business,Direct,665,434,231
O00499,2025-09-08 00:00:00,P019,4,Retail,Online,716,500,216
O00500,2025-01-05 00:00:00,P004,5,Retail,Online,195,110,85
O00501,2025-04-29 00:00:00,P007,24,Business,Online,4056,2760,1296
O00502,2026-01-09 00:00:00,P010,1,Business,Distributor,149,105,44
O00503,2025-03-06 00:00:00,P018,1,Business,Distributor,95,62,33
O00504,2025-05-26 00:00:00,P019,15,Retail,Distributor,2685,1875,810
O00505,2025-08-12 00:00:00,P004,20,Retail,Distributor,780,440,340
O00506,2025-08-27 00:00:00,P010,19,Business,Online,2831,1995,836
O00507,2025-06-26 00:00:00,P001,29,Retail,Online,638,348,290
O00508,2025-10-09 00:00:00,P018,10,Business,Direct,950,620,330
O00509,2025-03-04 00:00:00,P005,28,Business,Online,1652,980,672
O00510,2025-08-05 00:00:00,P015,18,Business,Online,756,450,306
O00511,2026-04-06 00:00:00,P017,28,Retail,Online,3892,2660,1232
O00512,2025-04-15 00:00:00,P003,3,Retail,Direct,147,84,63
O00513,2025-04-09 00:00:00,P012,11,Business,Direct,1309,858,451
O00514,2026-05-26 00:00:00,P002,15,Retail,Online,480,270,210
O00515,2026-01-20 00:00:00,P001,27,Retail,Online,594,324,270
O00516,2026-02-09 00:00:00,P017,30,Wholesale,Direct,4170,2850,1320
O00517,2026-06-02 00:00:00,P016,11,Wholesale,Direct,869,528,341
O00518,2026-04-21 00:00:00,P005,17,Retail,Online,1003,595,408
O00519,2026-03-13 00:00:00,P015,17,Retail,Direct,714,425,289
O00520,2025-01-23 00:00:00,P003,6,Retail,Online,294,168,126
O00521,2026-04-03 00:00:00,P007,5,Business,Online,845,575,270
O00522,2025-03-24 00:00:00,P011,8,Wholesale,Direct,552,336,216
O00523,2025-05-25 00:00:00,P010,2,Retail,Direct,298,210,88
O00524,2025-03-26 00:00:00,P009,16,Retail,Online,1424,928,496
O00525,2025-03-19 00:00:00,P014,20,Wholesale,Direct,360,200,160
O00526,2026-04-02 00:00:00,P013,24,Retail,Direct,360,192,168
O00527,2025-01-01 00:00:00,P002,12,Retail,Direct,384,216,168
O00528,2025-02-20 00:00:00,P003,6,Wholesale,Direct,294,168,126
O00529,2026-03-22 00:00:00,P007,1,Retail,Direct,169,115,54
O00530,2026-03-25 00:00:00,P018,4,Business,Online,380,248,132
O00531,2026-05-03 00:00:00,P003,17,Retail,Online,833,476,357
O00532,2025-02-03 00:00:00,P010,13,Retail,Online,1937,1365,572
O00533,2025-12-14 00:00:00,P007,18,Business,Online,3042,2070,972
O00534,2025-04-05 00:00:00,P009,5,Retail,Direct,445,290,155
O00535,2025-03-13 00:00:00,P017,30,Wholesale,Online,4170,2850,1320
O00536,2025-06-03 00:00:00,P011,24,Business,Online,1656,1008,648
O00537,2025-09-07 00:00:00,P007,24,Retail,Online,4056,2760,1296
O00538,2026-03-14 00:00:00,P014,27,Retail,Online,486,270,216
O00539,2025-04-28 00:00:00,P019,3,Retail,Online,537,375,162
O00540,2025-11-02 00:00:00,P004,11,Retail,Direct,429,242,187
O00541,2025-09-25 00:00:00,P006,13,Retail,Online,715,416,299
O00542,2025-02-23 00:00:00,P010,4,Retail,Direct,596,420,176
O00543,2025-08-24 00:00:00,P007,26,Retail,Distributor,4394,2990,1404
O00544,2026-01-24 00:00:00,P013,27,Business,Online,405,216,189
O00545,2026-02-05 00:00:00,P014,14,Business,Online,252,140,112
O00546,2025-10-30 00:00:00,P004,22,Business,Online,858,484,374
O00547,2025-07-26 00:00:00,P008,11,Retail,Direct,2849,2035,814
O00548,2025-08-17 00:00:00,P005,27,Retail,Direct,1593,945,648
O00549,2025-03-16 00:00:00,P001,10,Business,Online,220,120,100
O00550,2026-03-11 00:00:00,P004,19,Retail,Online,741,418,323
O00551,2025-04-13 00:00:00,P003,18,Retail,Distributor,882,504,378
O00552,2026-02-26 00:00:00,P009,6,Business,Online,534,348,186
O00553,2025-11-02 00:00:00,P008,27,Business,Online,6993,4995,1998
O00554,2025-04-08 00:00:00,P001,29,Retail,Distributor,638,348,290
O00555,2025-12-01 00:00:00,P006,15,Retail,Direct,825,480,345
O00556,2026-03-11 00:00:00,P009,21,Business,Distributor,1869,1218,651
O00557,2026-03-23 00:00:00,P007,30,Business,Direct,5070,3450,1620
O00558,2025-11-04 00:00:00,P004,10,Business,Direct,390,220,170
O00559,2025-09-06 00:00:00,P013,5,Business,Online,75,40,35
O00560,2025-06-15 00:00:00,P017,26,Business,Direct,3614,2470,1144
O00561,2026-04-26 00:00:00,P002,29,Retail,Distributor,928,522,406
O00562,2025-12-01 00:00:00,P005,5,Retail,Direct,295,175,120
O00563,2026-06-26 00:00:00,P012,10,Business,Online,1190,780,410
O00564,2025-04-16 00:00:00,P008,28,Business,Online,7252,5180,2072
O00565,2025-03-22 00:00:00,P006,5,Business,Online,275,160,115
O00566,2025-05-13 00:00:00,P008,3,Retail,Online,777,555,222
O00567,2025-05-18 00:00:00,P018,23,Retail,Online,2185,1426,759
O00568,2025-07-03 00:00:00,P003,6,Wholesale,Direct,294,168,126
O00569,2026-02-05 00:00:00,P012,4,Business,Direct,476,312,164
O00570,2025-11-26 00:00:00,P003,18,Wholesale,Online,882,504,378
O00571,2026-05-23 00:00:00,P006,28,Business,Direct,1540,896,644
O00572,2025-03-10 00:00:00,P002,9,Business,Online,288,162,126
O00573,2026-06-30 00:00:00,P012,17,Business,Online,2023,1326,697
O00574,2025-02-22 00:00:00,P002,29,Wholesale,Online,928,522,406
O00575,2026-03-26 00:00:00,P006,13,Business,Online,715,416,299
O00576,2025-07-24 00:00:00,P017,27,Business,Online,3753,2565,1188
O00577,2025-05-06 00:00:00,P003,15,Retail,Online,735,420,315
O00578,2025-02-12 00:00:00,P002,30,Retail,Online,960,540,420
O00579,2025-04-21 00:00:00,P020,20,Business,Direct,1300,760,540
O00580,2025-07-02 00:00:00,P008,17,Retail,Online,4403,3145,1258
O00581,2025-04-05 00:00:00,P012,13,Retail,Direct,1547,1014,533
O00582,2026-01-09 00:00:00,P004,16,Retail,Direct,624,352,272
O00583,2026-06-04 00:00:00,P005,22,Retail,Direct,1298,770,528
O00584,2025-12-26 00:00:00,P013,4,Retail,Distributor,60,32,28
O00585,2025-10-08 00:00:00,P015,5,Retail,Online,210,125,85
O00586,2025-07-14 00:00:00,P016,5,Wholesale,Online,395,240,155
O00587,2025-07-14 00:00:00,P010,9,Retail,Distributor,1341,945,396
O00588,2025-04-03 00:00:00,P016,17,Retail,Online,1343,816,527
O00589,2025-03-02 00:00:00,P012,13,Retail,Direct,1547,1014,533
O00590,2025-02-20 00:00:00,P017,2,Business,Direct,278,190,88
O00591,2026-02-07 00:00:00,P016,13,Retail,Direct,1027,624,403
O00592,2025-01-05 00:00:00,P012,22,Business,Distributor,2618,1716,902
O00593,2026-04-11 00:00:00,P008,21,Business,Distributor,5439,3885,1554
O00594,2026-06-18 00:00:00,P020,27,Business,Direct,1755,1026,729
O00595,2026-02-09 00:00:00,P003,23,Retail,Online,1127,644,483
O00596,2026-05-28 00:00:00,P016,19,Business,Distributor,1501,912,589
O00597,2025-08-21 00:00:00,P013,3,Retail,Online,45,24,21
O00598,2026-06-08 00:00:00,P019,10,Wholesale,Online,1790,1250,540
O00599,2025-12-12 00:00:00,P008,2,Business,Distributor,518,370,148
O00600,2025-02-15 00:00:00,P005,13,Retail,Online,767,455,312
O00601,2026-06-30 00:00:00,P020,19,Retail,Online,1235,722,513
O00602,2025-03-19 00:00:00,P008,26,Retail,Online,6734,4810,1924
O00603,2025-03-14 00:00:00,P012,17,Business,Distributor,2023,1326,697
O00604,2025-09-06 00:00:00,P001,21,Retail,Online,462,252,210
O00605,2025-02-16 00:00:00,P020,14,Business,Direct,910,532,378
O00606,2025-05-01 00:00:00,P006,12,Retail,Online,660,384,276
O00607,2025-08-02 00:00:00,P018,21,Business,Direct,1995,1302,693
O00608,2025-08-27 00:00:00,P008,12,Business,Direct,3108,2220,888
O00609,2025-02-25 00:00:00,P007,11,Business,Online,1859,1265,594
O00610,2025-12-16 00:00:00,P001,7,Business,Online,154,84,70
O00611,2025-04-17 00:00:00,P016,4,Retail,Online,316,192,124
O00612,2025-02-17 00:00:00,P012,19,Retail,Distributor,2261,1482,779
O00613,2025-12-03 00:00:00,P006,1,Business,Direct,55,32,23
O00614,2025-01-26 00:00:00,P020,28,Retail,Distributor,1820,1064,756
O00615,2025-09-14 00:00:00,P002,24,Retail,Online,768,432,336
O00616,2025-01-08 00:00:00,P014,29,Retail,Direct,522,290,232
O00617,2025-09-10 00:00:00,P004,3,Retail,Direct,117,66,51
O00618,2025-10-30 00:00:00,P001,13,Retail,Direct,286,156,130
O00619,2025-02-25 00:00:00,P018,15,Wholesale,Distributor,1425,930,495
O00620,2026-06-10 00:00:00,P013,2,Retail,Online,30,16,14
O00621,2026-04-19 00:00:00,P002,11,Business,Online,352,198,154
O00622,2025-01-28 00:00:00,P009,4,Retail,Direct,356,232,124
O00623,2025-03-19 00:00:00,P002,19,Business,Direct,608,342,266
O00624,2025-08-04 00:00:00,P009,29,Retail,Direct,2581,1682,899
O00625,2026-01-21 00:00:00,P001,17,Wholesale,Online,374,204,170
O00626,2025-12-31 00:00:00,P011,3,Wholesale,Online,207,126,81
O00627,2026-06-10 00:00:00,P003,28,Retail,Online,1372,784,588
O00628,2025-11-08 00:00:00,P020,18,Wholesale,Online,1170,684,486
O00629,2025-01-07 00:00:00,P004,8,Wholesale,Direct,312,176,136
O00630,2025-01-03 00:00:00,P018,22,Business,Direct,2090,1364,726
O00631,2025-12-29 00:00:00,P006,25,Business,Online,1375,800,575
O00632,2026-05-23 00:00:00,P003,24,Retail,Online,1176,672,504
O00633,2025-10-01 00:00:00,P011,26,Business,Online,1794,1092,702
O00634,2026-05-21 00:00:00,P015,19,Retail,Online,798,475,323
O00635,2025-01-15 00:00:00,P005,5,Retail,Direct,295,175,120
O00636,2025-07-11 00:00:00,P020,7,Wholesale,Distributor,455,266,189
O00637,2026-04-30 00:00:00,P010,21,Retail,Online,3129,2205,924
O00638,2025-01-28 00:00:00,P012,8,Business,Direct,952,624,328
O00639,2025-02-08 00:00:00,P015,28,Business,Distributor,1176,700,476
O00640,2025-09-30 00:00:00,P017,5,Wholesale,Direct,695,475,220
O00641,2025-08-19 00:00:00,P010,17,Wholesale,Online,2533,1785,748
O00642,2025-03-27 00:00:00,P006,5,Retail,Distributor,275,160,115
O00643,2026-04-19 00:00:00,P018,4,Retail,Online,380,248,132
O00644,2025-05-06 00:00:00,P013,22,Retail,Online,330,176,154
O00645,2026-06-21 00:00:00,P003,19,Retail,Online,931,532,399
O00646,2025-05-25 00:00:00,P010,27,Retail,Online,4023,2835,1188
O00647,2026-06-09 00:00:00,P014,21,Retail,Online,378,210,168
O00648,2025-07-31 00:00:00,P006,2,Business,Online,110,64,46
O00649,2025-01-25 00:00:00,P003,11,Business,Online,539,308,231
O00650,2026-01-29 00:00:00,P016,22,Retail,Direct,1738,1056,682
O00651,2025-03-08 00:00:00,P007,13,Business,Distributor,2197,1495,702
O00652,2025-08-21 00:00:00,P020,15,Retail,Online,975,570,405
O00653,2025-04-19 00:00:00,P014,12,Retail,Distributor,216,120,96
O00654,2025-05-26 00:00:00,P009,22,Business,Distributor,1958,1276,682
O00655,2025-04-21 00:00:00,P015,21,Business,Direct,882,525,357
O00656,2025-08-16 00:00:00,P003,22,Business,Online,1078,616,462
O00657,2025-04-21 00:00:00,P002,11,Retail,Direct,352,198,154
O00658,2026-04-15 00:00:00,P002,7,Business,Distributor,224,126,98
O00659,2025-02-03 00:00:00,P003,28,Business,Direct,1372,784,588
O00660,2026-01-04 00:00:00,P018,5,Business,Online,475,310,165
O00661,2026-03-01 00:00:00,P014,17,Business,Online,306,170,136
O00662,2026-06-02 00:00:00,P020,24,Wholesale,Direct,1560,912,648
O00663,2025-10-09 00:00:00,P018,20,Business,Online,1900,1240,660
O00664,2025-11-16 00:00:00,P010,9,Business,Online,1341,945,396
O00665,2026-03-19 00:00:00,P002,14,Wholesale,Online,448,252,196
O00666,2025-11-11 00:00:00,P001,26,Business,Direct,572,312,260
O00667,2026-01-12 00:00:00,P004,12,Retail,Distributor,468,264,204
O00668,2025-10-16 00:00:00,P014,6,Business,Online,108,60,48
O00669,2026-03-13 00:00:00,P001,17,Retail,Distributor,374,204,170
O00670,2025-10-04 00:00:00,P014,19,Retail,Online,342,190,152
O00671,2026-05-18 00:00:00,P016,19,Business,Direct,1501,912,589
O00672,2026-05-31 00:00:00,P014,26,Wholesale,Direct,468,260,208
O00673,2025-12-16 00:00:00,P020,16,Wholesale,Direct,1040,608,432
O00674,2026-03-22 00:00:00,P003,12,Retail,Distributor,588,336,252
O00675,2025-12-16 00:00:00,P003,12,Retail,Online,588,336,252
O00676,2025-05-17 00:00:00,P009,20,Retail,Distributor,1780,1160,620
O00677,2025-08-31 00:00:00,P006,6,Wholesale,Online,330,192,138
O00678,2026-06-27 00:00:00,P013,23,Wholesale,Direct,345,184,161
O00679,2025-02-09 00:00:00,P002,26,Business,Direct,832,468,364
O00680,2025-08-17 00:00:00,P008,4,Business,Direct,1036,740,296
O00681,2025-08-11 00:00:00,P002,6,Business,Online,192,108,84
O00682,2025-01-06 00:00:00,P004,11,Business,Distributor,429,242,187
O00683,2025-11-18 00:00:00,P015,1,Retail,Online,42,25,17
O00684,2026-04-13 00:00:00,P004,30,Retail,Online,1170,660,510
O00685,2025-03-16 00:00:00,P013,24,Business,Direct,360,192,168
O00686,2025-01-04 00:00:00,P012,23,Business,Online,2737,1794,943
O00687,2025-04-28 00:00:00,P013,15,Retail,Direct,225,120,105
O00688,2026-05-19 00:00:00,P014,27,Wholesale,Online,486,270,216
O00689,2026-03-17 00:00:00,P020,11,Retail,Online,715,418,297
O00690,2025-07-13 00:00:00,P018,25,Retail,Direct,2375,1550,825
O00691,2026-01-27 00:00:00,P006,19,Business,Online,1045,608,437
O00692,2025-01-26 00:00:00,P011,18,Business,Online,1242,756,486
O00693,2026-03-11 00:00:00,P002,17,Business,Direct,544,306,238
O00694,2025-06-22 00:00:00,P019,19,Retail,Online,3401,2375,1026
O00695,2025-10-27 00:00:00,P019,21,Retail,Direct,3759,2625,1134
O00696,2025-11-22 00:00:00,P005,14,Business,Online,826,490,336
O00697,2026-02-14 00:00:00,P019,27,Business,Direct,4833,3375,1458
O00698,2025-04-28 00:00:00,P002,18,Retail,Direct,576,324,252
O00699,2025-08-13 00:00:00,P010,28,Business,Direct,4172,2940,1232
O00700,2026-06-16 00:00:00,P002,19,Retail,Online,608,342,266
O00701,2025-04-23 00:00:00,P011,15,Business,Direct,1035,630,405
O00702,2025-05-20 00:00:00,P018,15,Business,Direct,1425,930,495
O00703,2025-01-01 00:00:00,P015,4,Retail,Direct,168,100,68
O00704,2025-03-31 00:00:00,P009,7,Retail,Online,623,406,217
O00705,2025-11-16 00:00:00,P019,13,Business,Distributor,2327,1625,702
O00706,2025-05-19 00:00:00,P009,3,Business,Direct,267,174,93
O00707,2026-05-26 00:00:00,P003,16,Business,Online,784,448,336
O00708,2025-09-16 00:00:00,P009,9,Business,Online,801,522,279
O00709,2025-01-10 00:00:00,P014,8,Business,Distributor,144,80,64
O00710,2025-09-18 00:00:00,P019,20,Wholesale,Online,3580,2500,1080
O00711,2025-06-21 00:00:00,P007,13,Retail,Distributor,2197,1495,702
O00712,2025-01-13 00:00:00,P016,17,Retail,Direct,1343,816,527
O00713,2025-06-17 00:00:00,P016,17,Retail,Direct,1343,816,527
O00714,2025-11-17 00:00:00,P001,17,Retail,Online,374,204,170
O00715,2025-11-15 00:00:00,P004,1,Business,Online,39,22,17
O00716,2025-11-25 00:00:00,P004,8,Retail,Distributor,312,176,136
O00717,2026-02-23 00:00:00,P007,19,Wholesale,Online,3211,2185,1026
O00718,2025-04-05 00:00:00,P008,6,Business,Direct,1554,1110,444
O00719,2025-11-14 00:00:00,P017,3,Business,Online,417,285,132
O00720,2025-08-24 00:00:00,P005,27,Retail,Online,1593,945,648
O00721,2025-11-30 00:00:00,P007,5,Retail,Online,845,575,270
O00722,2026-01-11 00:00:00,P020,13,Retail,Online,845,494,351
O00723,2026-04-04 00:00:00,P020,15,Retail,Distributor,975,570,405
O00724,2025-05-17 00:00:00,P004,14,Retail,Online,546,308,238
O00725,2026-05-28 00:00:00,P006,29,Business,Online,1595,928,667
O00726,2025-10-23 00:00:00,P007,23,Wholesale,Online,3887,2645,1242
O00727,2025-11-16 00:00:00,P018,16,Wholesale,Online,1520,992,528
O00728,2025-12-15 00:00:00,P005,18,Business,Online,1062,630,432
O00729,2025-08-17 00:00:00,P020,22,Retail,Distributor,1430,836,594
O00730,2025-09-27 00:00:00,P003,29,Wholesale,Online,1421,812,609
O00731,2025-10-18 00:00:00,P007,22,Wholesale,Online,3718,2530,1188
O00732,2025-06-14 00:00:00,P014,11,Retail,Online,198,110,88
O00733,2025-01-05 00:00:00,P007,3,Business,Distributor,507,345,162
O00734,2026-01-14 00:00:00,P005,22,Retail,Online,1298,770,528
O00735,2025-03-19 00:00:00,P005,10,Business,Online,590,350,240
O00736,2026-02-14 00:00:00,P002,10,Wholesale,Direct,320,180,140
O00737,2025-05-12 00:00:00,P006,30,Retail,Direct,1650,960,690
O00738,2025-02-11 00:00:00,P015,21,Wholesale,Online,882,525,357
O00739,2025-03-30 00:00:00,P010,16,Business,Online,2384,1680,704
O00740,2026-02-06 00:00:00,P007,12,Wholesale,Direct,2028,1380,648
O00741,2025-10-23 00:00:00,P005,2,Retail,Online,118,70,48
O00742,2025-10-22 00:00:00,P001,9,Business,Direct,198,108,90
O00743,2026-06-10 00:00:00,P013,24,Retail,Direct,360,192,168
O00744,2026-02-26 00:00:00,P018,3,Retail,Online,285,186,99
O00745,2025-01-23 00:00:00,P013,24,Retail,Online,360,192,168
O00746,2025-05-23 00:00:00,P018,30,Wholesale,Online,2850,1860,990
O00747,2025-05-25 00:00:00,P005,25,Business,Direct,1475,875,600
O00748,2025-08-13 00:00:00,P013,30,Wholesale,Online,450,240,210
O00749,2026-05-18 00:00:00,P004,15,Wholesale,Online,585,330,255
O00750,2025-04-14 00:00:00,P017,3,Retail,Direct,417,285,132
O00751,2025-02-08 00:00:00,P003,19,Retail,Distributor,931,532,399
O00752,2025-07-17 00:00:00,P017,18,Retail,Online,2502,1710,792
O00753,2026-01-26 00:00:00,P011,8,Retail,Distributor,552,336,216
O00754,2025-06-28 00:00:00,P020,26,Retail,Online,1690,988,702
O00755,2026-03-24 00:00:00,P004,17,Retail,Online,663,374,289
O00756,2026-05-15 00:00:00,P002,8,Retail,Online,256,144,112
O00757,2025-01-15 00:00:00,P020,7,Retail,Online,455,266,189
O00758,2025-10-16 00:00:00,P016,30,Retail,Online,2370,1440,930
O00759,2026-04-23 00:00:00,P018,7,Retail,Online,665,434,231
O00760,2025-08-19 00:00:00,P008,3,Wholesale,Distributor,777,555,222
O00761,2026-02-24 00:00:00,P003,1,Business,Direct,49,28,21
O00762,2025-06-06 00:00:00,P009,4,Wholesale,Direct,356,232,124
O00763,2026-03-17 00:00:00,P020,25,Retail,Online,1625,950,675
O00764,2025-04-07 00:00:00,P006,5,Retail,Online,275,160,115
O00765,2026-02-15 00:00:00,P010,1,Business,Online,149,105,44
O00766,2025-10-16 00:00:00,P010,15,Retail,Direct,2235,1575,660
O00767,2025-09-11 00:00:00,P013,5,Retail,Distributor,75,40,35
O00768,2025-07-15 00:00:00,P017,13,Retail,Online,1807,1235,572
O00769,2026-06-06 00:00:00,P009,8,Retail,Online,712,464,248
O00770,2026-06-01 00:00:00,P017,8,Retail,Online,1112,760,352
O00771,2025-04-28 00:00:00,P009,5,Retail,Online,445,290,155
O00772,2025-06-08 00:00:00,P009,28,Business,Online,2492,1624,868
O00773,2025-08-16 00:00:00,P001,9,Retail,Direct,198,108,90
O00774,2025-08-04 00:00:00,P002,1,Retail,Direct,32,18,14
O00775,2025-01-15 00:00:00,P016,4,Business,Online,316,192,124
O00776,2025-06-06 00:00:00,P001,3,Retail,Online,66,36,30
O00777,2025-09-18 00:00:00,P010,2,Retail,Distributor,298,210,88
O00778,2025-06-06 00:00:00,P018,8,Wholesale,Online,760,496,264
O00779,2025-02-16 00:00:00,P008,23,Retail,Online,5957,4255,1702
O00780,2025-11-20 00:00:00,P011,9,Retail,Online,621,378,243
O00781,2025-05-10 00:00:00,P002,2,Retail,Online,64,36,28
O00782,2026-02-15 00:00:00,P008,14,Retail,Online,3626,2590,1036
O00783,2025-04-05 00:00:00,P008,14,Business,Direct,3626,2590,1036
O00784,2025-10-19 00:00:00,P017,4,Business,Online,556,380,176
O00785,2025-10-10 00:00:00,P015,30,Retail,Online,1260,750,510
O00786,2025-03-10 00:00:00,P017,6,Business,Direct,834,570,264
O00787,2025-01-11 00:00:00,P013,11,Retail,Online,165,88,77
O00788,2025-09-11 00:00:00,P019,3,Retail,Distributor,537,375,162
O00789,2025-05-14 00:00:00,P005,8,Business,Distributor,472,280,192
O00790,2025-01-23 00:00:00,P012,3,Retail,Online,357,234,123
O00791,2025-12-12 00:00:00,P001,14,Retail,Direct,308,168,140
O00792,2025-10-29 00:00:00,P005,28,Retail,Online,1652,980,672
O00793,2025-12-29 00:00:00,P008,13,Retail,Distributor,3367,2405,962
O00794,2026-01-31 00:00:00,P013,13,Retail,Online,195,104,91
O00795,2025-08-06 00:00:00,P008,2,Business,Distributor,518,370,148
O00796,2025-05-21 00:00:00,P011,13,Retail,Direct,897,546,351
O00797,2025-07-29 00:00:00,P001,29,Retail,Online,638,348,290
O00798,2026-04-05 00:00:00,P013,19,Retail,Online,285,152,133
O00799,2025-12-22 00:00:00,P019,27,Business,Distributor,4833,3375,1458
O00800,2025-11-20 00:00:00,P003,6,Business,Distributor,294,168,126
O00801,2025-05-13 00:00:00,P017,16,Business,Online,2224,1520,704
O00802,2025-05-07 00:00:00,P005,2,Business,Direct,118,70,48
O00803,2025-04-16 00:00:00,P020,8,Wholesale,Online,520,304,216
O00804,2026-01-13 00:00:00,P008,17,Retail,Online,4403,3145,1258
O00805,2025-02-20 00:00:00,P014,23,Retail,Online,414,230,184
O00806,2025-01-29 00:00:00,P004,2,Business,Online,78,44,34
O00807,2026-04-07 00:00:00,P011,10,Wholesale,Direct,690,420,270
O00808,2025-10-23 00:00:00,P020,28,Wholesale,Online,1820,1064,756
O00809,2025-10-24 00:00:00,P015,16,Retail,Direct,672,400,272
O00810,2026-02-11 00:00:00,P019,6,Retail,Online,1074,750,324
O00811,2026-02-09 00:00:00,P007,28,Retail,Online,4732,3220,1512
O00812,2025-12-12 00:00:00,P019,2,Business,Online,358,250,108
O00813,2026-02-24 00:00:00,P019,2,Retail,Online,358,250,108
O00814,2025-07-01 00:00:00,P011,26,Retail,Online,1794,1092,702
O00815,2025-01-01 00:00:00,P005,13,Business,Online,767,455,312
O00816,2026-01-06 00:00:00,P005,24,Retail,Direct,1416,840,576
O00817,2026-03-07 00:00:00,P008,15,Wholesale,Online,3885,2775,1110
O00818,2025-11-05 00:00:00,P010,28,Retail,Online,4172,2940,1232
O00819,2025-05-17 00:00:00,P006,2,Retail,Online,110,64,46
O00820,2025-07-21 00:00:00,P015,7,Retail,Distributor,294,175,119
O00821,2026-03-12 00:00:00,P016,3,Business,Distributor,237,144,93
O00822,2025-11-09 00:00:00,P017,8,Retail,Online,1112,760,352
O00823,2025-04-27 00:00:00,P008,23,Retail,Online,5957,4255,1702
O00824,2025-09-01 00:00:00,P008,14,Wholesale,Online,3626,2590,1036
O00825,2026-06-21 00:00:00,P009,24,Retail,Distributor,2136,1392,744
O00826,2025-03-16 00:00:00,P002,30,Business,Online,960,540,420
O00827,2026-01-21 00:00:00,P015,23,Business,Online,966,575,391
O00828,2025-07-29 00:00:00,P018,27,Retail,Online,2565,1674,891
O00829,2026-04-20 00:00:00,P003,22,Business,Online,1078,616,462
O00830,2026-02-22 00:00:00,P017,29,Retail,Online,4031,2755,1276
O00831,2025-12-13 00:00:00,P004,7,Business,Direct,273,154,119
O00832,2026-06-13 00:00:00,P004,21,Retail,Online,819,462,357
O00833,2025-06-28 00:00:00,P014,7,Business,Direct,126,70,56
O00834,2025-07-01 00:00:00,P009,1,Retail,Online,89,58,31
O00835,2025-01-25 00:00:00,P009,17,Business,Online,1513,986,527
O00836,2025-06-29 00:00:00,P018,9,Retail,Distributor,855,558,297
O00837,2026-05-16 00:00:00,P010,30,Retail,Online,4470,3150,1320
O00838,2025-06-10 00:00:00,P004,21,Retail,Direct,819,462,357
O00839,2025-06-26 00:00:00,P012,13,Retail,Online,1547,1014,533
O00840,2025-10-12 00:00:00,P008,21,Business,Online,5439,3885,1554
O00841,2025-03-04 00:00:00,P002,19,Retail,Distributor,608,342,266
O00842,2025-06-05 00:00:00,P013,21,Wholesale,Online,315,168,147
O00843,2026-04-14 00:00:00,P016,19,Wholesale,Distributor,1501,912,589
O00844,2025-02-18 00:00:00,P002,25,Business,Online,800,450,350
O00845,2025-03-25 00:00:00,P011,25,Retail,Distributor,1725,1050,675
O00846,2025-12-27 00:00:00,P010,22,Retail,Online,3278,2310,968
O00847,2025-05-28 00:00:00,P015,17,Business,Online,714,425,289
O00848,2025-12-08 00:00:00,P017,23,Retail,Direct,3197,2185,1012
O00849,2026-04-21 00:00:00,P008,23,Retail,Distributor,5957,4255,1702
O00850,2025-03-04 00:00:00,P018,30,Business,Distributor,2850,1860,990
O00851,2025-12-26 00:00:00,P009,10,Business,Direct,890,580,310
O00852,2025-11-23 00:00:00,P008,10,Business,Distributor,2590,1850,740
O00853,2025-05-21 00:00:00,P014,4,Retail,Online,72,40,32
O00854,2025-08-03 00:00:00,P018,8,Business,Online,760,496,264
O00855,2026-03-11 00:00:00,P020,22,Retail,Online,1430,836,594
O00856,2025-11-14 00:00:00,P020,20,Retail,Online,1300,760,540
O00857,2025-02-01 00:00:00,P012,20,Wholesale,Online,2380,1560,820
O00858,2025-10-12 00:00:00,P019,18,Retail,Online,3222,2250,972
O00859,2025-11-01 00:00:00,P014,14,Retail,Online,252,140,112
O00860,2026-03-05 00:00:00,P017,18,Retail,Direct,2502,1710,792
O00861,2026-04-22 00:00:00,P003,28,Wholesale,Online,1372,784,588
O00862,2025-10-13 00:00:00,P007,14,Business,Online,2366,1610,756
O00863,2025-05-24 00:00:00,P017,20,Business,Online,2780,1900,880
O00864,2026-02-28 00:00:00,P012,21,Business,Direct,2499,1638,861
O00865,2025-01-19 00:00:00,P009,24,Retail,Direct,2136,1392,744
O00866,2025-01-18 00:00:00,P015,15,Retail,Direct,630,375,255
O00867,2026-01-06 00:00:00,P018,22,Retail,Online,2090,1364,726
O00868,2025-06-24 00:00:00,P013,30,Retail,Online,450,240,210
O00869,2025-07-13 00:00:00,P008,4,Retail,Online,1036,740,296
O00870,2026-05-17 00:00:00,P014,13,Wholesale,Online,234,130,104
O00871,2025-04-23 00:00:00,P008,27,Retail,Online,6993,4995,1998
O00872,2025-04-24 00:00:00,P014,23,Retail,Online,414,230,184
O00873,2025-08-10 00:00:00,P007,8,Retail,Online,1352,920,432
O00874,2025-09-21 00:00:00,P012,18,Retail,Distributor,2142,1404,738
O00875,2025-02-24 00:00:00,P011,12,Wholesale,Distributor,828,504,324
O00876,2026-04-03 00:00:00,P011,23,Retail,Online,1587,966,621
O00877,2025-06-11 00:00:00,P013,14,Retail,Online,210,112,98
O00878,2026-01-15 00:00:00,P018,2,Business,Online,190,124,66
O00879,2025-03-28 00:00:00,P002,18,Retail,Online,576,324,252
O00880,2025-02-24 00:00:00,P015,24,Retail,Distributor,1008,600,408
O00881,2026-04-21 00:00:00,P020,2,Retail,Online,130,76,54
O00882,2025-06-27 00:00:00,P018,11,Business,Direct,1045,682,363
O00883,2026-01-26 00:00:00,P015,9,Wholesale,Online,378,225,153
O00884,2025-12-15 00:00:00,P019,12,Business,Distributor,2148,1500,648
O00885,2025-01-08 00:00:00,P012,17,Retail,Online,2023,1326,697
O00886,2025-11-09 00:00:00,P013,15,Business,Direct,225,120,105
O00887,2026-03-19 00:00:00,P011,25,Retail,Online,1725,1050,675
O00888,2025-11-24 00:00:00,P005,17,Retail,Direct,1003,595,408
O00889,2025-02-23 00:00:00,P001,26,Retail,Online,572,312,260
O00890,2025-08-27 00:00:00,P003,29,Retail,Online,1421,812,609
O00891,2025-08-17 00:00:00,P019,26,Retail,Distributor,4654,3250,1404
O00892,2025-02-20 00:00:00,P007,18,Business,Distributor,3042,2070,972
O00893,2025-09-21 00:00:00,P012,22,Wholesale,Distributor,2618,1716,902
O00894,2026-02-22 00:00:00,P015,6,Retail,Direct,252,150,102
O00895,2025-04-06 00:00:00,P005,17,Retail,Direct,1003,595,408
O00896,2025-03-29 00:00:00,P015,23,Retail,Online,966,575,391
O00897,2025-03-19 00:00:00,P008,24,Retail,Online,6216,4440,1776
O00898,2025-10-15 00:00:00,P010,18,Business,Online,2682,1890,792
O00899,2025-04-30 00:00:00,P016,8,Retail,Direct,632,384,248
O00900,2026-05-06 00:00:00,P008,9,Business,Online,2331,1665,666
O00901,2026-03-28 00:00:00,P001,6,Retail,Online,132,72,60
O00902,2026-05-15 00:00:00,P012,5,Retail,Direct,595,390,205
O00903,2025-06-14 00:00:00,P005,12,Retail,Direct,708,420,288
O00904,2025-07-01 00:00:00,P003,25,Retail,Online,1225,700,525
O00905,2026-04-14 00:00:00,P001,29,Retail,Online,638,348,290
O00906,2025-01-07 00:00:00,P004,28,Business,Online,1092,616,476
O00907,2025-11-26 00:00:00,P008,11,Retail,Online,2849,2035,814
O00908,2025-05-31 00:00:00,P003,25,Business,Online,1225,700,525
O00909,2025-03-26 00:00:00,P010,1,Retail,Direct,149,105,44
O00910,2025-05-27 00:00:00,P002,11,Retail,Direct,352,198,154
O00911,2026-01-16 00:00:00,P011,19,Retail,Direct,1311,798,513
O00912,2025-10-12 00:00:00,P010,9,Business,Online,1341,945,396
O00913,2025-03-23 00:00:00,P014,27,Retail,Direct,486,270,216
O00914,2026-05-29 00:00:00,P007,2,Business,Online,338,230,108
O00915,2026-06-07 00:00:00,P002,12,Retail,Online,384,216,168
O00916,2026-01-21 00:00:00,P009,4,Business,Direct,356,232,124
O00917,2026-04-16 00:00:00,P016,4,Retail,Online,316,192,124
O00918,2025-04-29 00:00:00,P013,18,Business,Online,270,144,126
O00919,2026-01-31 00:00:00,P009,15,Business,Distributor,1335,870,465
O00920,2026-06-16 00:00:00,P020,19,Wholesale,Online,1235,722,513
O00921,2025-09-18 00:00:00,P004,13,Retail,Direct,507,286,221
O00922,2025-09-13 00:00:00,P010,19,Retail,Online,2831,1995,836
O00923,2025-08-14 00:00:00,P012,17,Retail,Direct,2023,1326,697
O00924,2025-02-22 00:00:00,P017,6,Business,Online,834,570,264
O00925,2026-05-15 00:00:00,P014,16,Retail,Online,288,160,128
O00926,2026-05-21 00:00:00,P014,24,Business,Direct,432,240,192
O00927,2025-12-30 00:00:00,P002,12,Retail,Online,384,216,168
O00928,2025-10-07 00:00:00,P020,19,Retail,Online,1235,722,513
O00929,2025-06-07 00:00:00,P011,5,Retail,Online,345,210,135
O00930,2025-02-28 00:00:00,P016,17,Wholesale,Online,1343,816,527
O00931,2025-05-08 00:00:00,P019,26,Business,Online,4654,3250,1404
O00932,2025-04-25 00:00:00,P006,23,Wholesale,Online,1265,736,529
O00933,2025-07-28 00:00:00,P019,26,Retail,Distributor,4654,3250,1404
O00934,2026-06-10 00:00:00,P005,29,Business,Online,1711,1015,696
O00935,2026-06-05 00:00:00,P004,1,Business,Online,39,22,17
O00936,2025-08-25 00:00:00,P015,28,Retail,Online,1176,700,476
O00937,2025-10-08 00:00:00,P004,27,Business,Online,1053,594,459
O00938,2025-12-25 00:00:00,P020,25,Wholesale,Distributor,1625,950,675
O00939,2025-07-20 00:00:00,P010,24,Wholesale,Online,3576,2520,1056
O00940,2025-10-05 00:00:00,P003,23,Business,Distributor,1127,644,483
O00941,2025-08-23 00:00:00,P005,10,Retail,Online,590,350,240
O00942,2026-05-09 00:00:00,P006,15,Retail,Direct,825,480,345
O00943,2025-01-04 00:00:00,P008,23,Wholesale,Online,5957,4255,1702
O00944,2026-03-18 00:00:00,P007,21,Retail,Distributor,3549,2415,1134
O00945,2025-01-29 00:00:00,P010,21,Business,Direct,3129,2205,924
O00946,2025-04-19 00:00:00,P006,11,Business,Online,605,352,253
O00947,2025-03-16 00:00:00,P014,13,Business,Online,234,130,104
O00948,2025-05-26 00:00:00,P004,5,Wholesale,Online,195,110,85
O00949,2025-05-08 00:00:00,P013,1,Retail,Distributor,15,8,7
O00950,2025-02-11 00:00:00,P020,24,Retail,Online,1560,912,648
O00951,2025-12-22 00:00:00,P017,12,Retail,Online,1668,1140,528
O00952,2025-02-10 00:00:00,P007,11,Retail,Direct,1859,1265,594
O00953,2025-02-03 00:00:00,P004,17,Retail,Online,663,374,289
O00954,2025-01-17 00:00:00,P014,4,Retail,Distributor,72,40,32
O00955,2025-06-02 00:00:00,P003,15,Business,Direct,735,420,315
O00956,2026-01-13 00:00:00,P005,25,Wholesale,Direct,1475,875,600
O00957,2025-12-08 00:00:00,P016,30,Retail,Distributor,2370,1440,930
O00958,2025-01-27 00:00:00,P020,9,Retail,Online,585,342,243
O00959,2025-10-14 00:00:00,P004,21,Wholesale,Online,819,462,357
O00960,2025-06-17 00:00:00,P002,20,Retail,Online,640,360,280
O00961,2025-09-25 00:00:00,P018,19,Retail,Online,1805,1178,627
O00962,2026-03-31 00:00:00,P019,19,Retail,Direct,3401,2375,1026
O00963,2026-02-05 00:00:00,P019,12,Business,Distributor,2148,1500,648
O00964,2026-04-21 00:00:00,P017,5,Retail,Online,695,475,220
O00965,2025-05-10 00:00:00,P014,10,Wholesale,Online,180,100,80
O00966,2025-12-29 00:00:00,P019,17,Retail,Distributor,3043,2125,918
O00967,2025-10-19 00:00:00,P013,5,Retail,Online,75,40,35
O00968,2026-01-06 00:00:00,P012,22,Retail,Online,2618,1716,902
O00969,2025-01-29 00:00:00,P006,16,Retail,Online,880,512,368
O00970,2025-05-29 00:00:00,P004,7,Business,Distributor,273,154,119
O00971,2025-10-23 00:00:00,P019,28,Business,Direct,5012,3500,1512
O00972,2025-01-11 00:00:00,P016,9,Business,Direct,711,432,279
O00973,2026-05-27 00:00:00,P013,3,Business,Direct,45,24,21
O00974,2025-04-23 00:00:00,P004,15,Wholesale,Online,585,330,255
O00975,2025-07-06 00:00:00,P017,16,Business,Online,2224,1520,704
O00976,2025-08-15 00:00:00,P001,18,Business,Direct,396,216,180
O00977,2025-11-06 00:00:00,P018,14,Retail,Online,1330,868,462
O00978,2025-04-08 00:00:00,P020,3,Retail,Direct,195,114,81
O00979,2025-02-24 00:00:00,P017,12,Retail,Distributor,1668,1140,528
O00980,2026-02-10 00:00:00,P015,9,Business,Direct,378,225,153
O00981,2025-03-10 00:00:00,P011,28,Retail,Direct,1932,1176,756
O00982,2025-11-08 00:00:00,P013,7,Retail,Direct,105,56,49
O00983,2025-10-16 00:00:00,P001,9,Wholesale,Direct,198,108,90
O00984,2025-05-28 00:00:00,P017,13,Wholesale,Online,1807,1235,572
O00985,2026-04-12 00:00:00,P006,18,Wholesale,Online,990,576,414
O00986,2025-09-01 00:00:00,P004,5,Retail,Online,195,110,85
O00987,2026-05-06 00:00:00,P020,13,Business,Direct,845,494,351
O00988,2026-05-22 00:00:00,P016,4,Retail,Online,316,192,124
O00989,2025-12-31 00:00:00,P015,2,Retail,Direct,84,50,34
O00990,2026-04-27 00:00:00,P015,16,Retail,Online,672,400,272
O00991,2025-07-20 00:00:00,P006,9,Retail,Direct,495,288,207
O00992,2025-06-03 00:00:00,P015,9,Retail,Online,378,225,153
O00993,2026-03-26 00:00:00,P014,6,Business,Direct,108,60,48
O00994,2026-05-16 00:00:00,P011,11,Retail,Online,759,462,297
O00995,2025-03-14 00:00:00,P007,22,Business,Online,3718,2530,1188
O00996,2025-10-23 00:00:00,P009,24,Retail,Online,2136,1392,744
O00997,2025-01-17 00:00:00,P016,22,Retail,Direct,1738,1056,682
O00998,2025-08-05 00:00:00,P005,1,Retail,Online,59,35,24
O00999,2025-03-02 00:00:00,P020,4,Retail,Online,260,152,108
O01000,2025-02-11 00:00:00,P010,13,Business,Distributor,1937,1365,572
O01001,2025-01-25 00:00:00,P018,23,Retail,Direct,2185,1426,759
O01002,2025-02-08 00:00:00,P003,13,Retail,Distributor,637,364,273
O01003,2025-05-11 00:00:00,P013,13,Retail,Online,195,104,91
O01004,2026-05-13 00:00:00,P011,2,Retail,Online,138,84,54
O01005,2025-08-17 00:00:00,P017,9,Wholesale,Distributor,1251,855,396
O01006,2025-04-18 00:00:00,P013,24,Retail,Online,360,192,168
O01007,2025-06-21 00:00:00,P006,8,Business,Direct,440,256,184
O01008,2026-03-11 00:00:00,P017,7,Business,Online,973,665,308
O01009,2026-04-23 00:00:00,P013,4,Wholesale,Online,60,32,28
O01010,2025-04-12 00:00:00,P019,18,Business,Online,3222,2250,972
O01011,2026-06-08 00:00:00,P019,3,Business,Online,537,375,162
O01012,2025-10-02 00:00:00,P010,28,Business,Online,4172,2940,1232
O01013,2025-02-13 00:00:00,P003,6,Wholesale,Online,294,168,126
O01014,2025-01-17 00:00:00,P014,12,Retail,Distributor,216,120,96
O01015,2025-11-26 00:00:00,P019,12,Retail,Online,2148,1500,648
O01016,2026-05-12 00:00:00,P005,21,Retail,Direct,1239,735,504
O01017,2025-01-12 00:00:00,P005,28,Business,Direct,1652,980,672
O01018,2025-11-14 00:00:00,P020,8,Business,Direct,520,304,216
O01019,2025-08-04 00:00:00,P017,22,Retail,Online,3058,2090,968
O01020,2025-12-05 00:00:00,P010,22,Business,Direct,3278,2310,968
O01021,2025-03-22 00:00:00,P005,1,Retail,Direct,59,35,24
O01022,2026-04-30 00:00:00,P004,4,Retail,Direct,156,88,68
O01023,2026-01-09 00:00:00,P006,21,Wholesale,Direct,1155,672,483
O01024,2025-07-19 00:00:00,P004,28,Retail,Distributor,1092,616,476
O01025,2026-06-21 00:00:00,P007,11,Retail,Direct,1859,1265,594
O01026,2026-04-11 00:00:00,P007,3,Business,Online,507,345,162
O01027,2025-03-30 00:00:00,P018,13,Business,Direct,1235,806,429
O01028,2025-09-25 00:00:00,P003,25,Retail,Online,1225,700,525
O01029,2026-05-04 00:00:00,P001,17,Business,Distributor,374,204,170
O01030,2026-06-22 00:00:00,P004,22,Retail,Online,858,484,374
O01031,2025-02-16 00:00:00,P006,22,Retail,Online,1210,704,506
O01032,2025-10-15 00:00:00,P009,10,Retail,Direct,890,580,310
O01033,2025-01-16 00:00:00,P014,21,Business,Direct,378,210,168
O01034,2026-02-05 00:00:00,P012,12,Retail,Online,1428,936,492
O01035,2025-03-27 00:00:00,P020,15,Wholesale,Online,975,570,405
O01036,2025-09-07 00:00:00,P004,21,Business,Distributor,819,462,357
O01037,2026-01-26 00:00:00,P012,10,Wholesale,Online,1190,780,410
O01038,2025-12-01 00:00:00,P010,14,Retail,Distributor,2086,1470,616
O01039,2026-06-03 00:00:00,P007,13,Wholesale,Online,2197,1495,702
O01040,2025-05-17 00:00:00,P003,5,Retail,Direct,245,140,105
O01041,2026-05-13 00:00:00,P014,6,Retail,Direct,108,60,48
O01042,2026-04-22 00:00:00,P010,24,Retail,Online,3576,2520,1056
O01043,2025-08-11 00:00:00,P016,2,Retail,Online,158,96,62
O01044,2026-01-07 00:00:00,P016,22,Business,Online,1738,1056,682
O01045,2026-02-06 00:00:00,P010,17,Retail,Direct,2533,1785,748
O01046,2026-03-19 00:00:00,P013,4,Retail,Online,60,32,28
O01047,2026-05-05 00:00:00,P006,14,Business,Direct,770,448,322
O01048,2025-09-30 00:00:00,P012,10,Retail,Online,1190,780,410
O01049,2026-06-10 00:00:00,P009,3,Business,Online,267,174,93
O01050,2025-06-08 00:00:00,P013,25,Retail,Online,375,200,175
O01051,2025-06-01 00:00:00,P004,3,Business,Online,117,66,51
O01052,2025-07-07 00:00:00,P011,15,Business,Direct,1035,630,405
O01053,2025-04-08 00:00:00,P020,6,Retail,Distributor,390,228,162
O01054,2025-05-11 00:00:00,P018,17,Retail,Direct,1615,1054,561
O01055,2025-06-20 00:00:00,P011,12,Retail,Online,828,504,324
O01056,2025-07-02 00:00:00,P004,22,Business,Distributor,858,484,374
O01057,2025-12-30 00:00:00,P018,20,Retail,Direct,1900,1240,660
O01058,2025-02-08 00:00:00,P001,24,Retail,Distributor,528,288,240
O01059,2026-06-11 00:00:00,P007,29,Retail,Online,4901,3335,1566
O01060,2026-05-12 00:00:00,P006,11,Retail,Online,605,352,253
O01061,2026-05-31 00:00:00,P015,25,Retail,Online,1050,625,425
O01062,2025-12-15 00:00:00,P018,4,Business,Direct,380,248,132
O01063,2026-02-01 00:00:00,P011,26,Retail,Online,1794,1092,702
O01064,2025-06-10 00:00:00,P020,28,Retail,Online,1820,1064,756
O01065,2025-01-16 00:00:00,P015,26,Business,Online,1092,650,442
O01066,2026-05-08 00:00:00,P016,6,Business,Direct,474,288,186
O01067,2026-03-02 00:00:00,P007,1,Retail,Direct,169,115,54
O01068,2025-04-18 00:00:00,P010,20,Retail,Online,2980,2100,880
O01069,2026-03-26 00:00:00,P012,23,Retail,Online,2737,1794,943
O01070,2025-11-07 00:00:00,P014,28,Wholesale,Direct,504,280,224
O01071,2025-06-19 00:00:00,P005,16,Retail,Distributor,944,560,384
O01072,2026-06-30 00:00:00,P018,15,Wholesale,Direct,1425,930,495
O01073,2026-02-18 00:00:00,P005,17,Business,Distributor,1003,595,408
O01074,2025-09-08 00:00:00,P003,8,Retail,Direct,392,224,168
O01075,2025-05-21 00:00:00,P005,28,Retail,Direct,1652,980,672
O01076,2025-10-01 00:00:00,P017,26,Retail,Online,3614,2470,1144
O01077,2026-02-20 00:00:00,P019,12,Retail,Direct,2148,1500,648
O01078,2025-02-08 00:00:00,P019,27,Retail,Direct,4833,3375,1458
O01079,2025-01-29 00:00:00,P012,22,Business,Direct,2618,1716,902
O01080,2026-04-22 00:00:00,P009,21,Wholesale,Online,1869,1218,651
O01081,2025-11-14 00:00:00,P001,10,Business,Online,220,120,100
O01082,2025-09-02 00:00:00,P018,27,Business,Online,2565,1674,891
O01083,2025-09-29 00:00:00,P004,15,Retail,Online,585,330,255
O01084,2026-03-16 00:00:00,P010,30,Retail,Online,4470,3150,1320
O01085,2025-08-27 00:00:00,P007,9,Retail,Direct,1521,1035,486
O01086,2026-01-12 00:00:00,P001,2,Business,Online,44,24,20
O01087,2025-09-23 00:00:00,P017,5,Wholesale,Online,695,475,220
O01088,2025-12-25 00:00:00,P002,6,Business,Online,192,108,84
O01089,2025-12-06 00:00:00,P011,7,Retail,Direct,483,294,189
O01090,2026-01-24 00:00:00,P009,21,Retail,Online,1869,1218,651
O01091,2025-01-03 00:00:00,P007,25,Business,Online,4225,2875,1350
O01092,2026-03-05 00:00:00,P017,1,Retail,Direct,139,95,44
O01093,2025-05-22 00:00:00,P017,23,Business,Online,3197,2185,1012
O01094,2026-01-11 00:00:00,P002,26,Business,Distributor,832,468,364
O01095,2025-11-20 00:00:00,P006,7,Business,Distributor,385,224,161
O01096,2025-05-26 00:00:00,P014,20,Retail,Online,360,200,160
O01097,2025-10-20 00:00:00,P006,25,Retail,Online,1375,800,575
O01098,2026-03-08 00:00:00,P002,30,Retail,Direct,960,540,420
O01099,2026-02-03 00:00:00,P001,12,Retail,Online,264,144,120
O01100,2025-12-10 00:00:00,P010,16,Retail,Online,2384,1680,704
O01101,2025-05-20 00:00:00,P005,16,Business,Online,944,560,384
O01102,2025-07-06 00:00:00,P002,11,Business,Distributor,352,198,154
O01103,2025-03-02 00:00:00,P016,21,Retail,Online,1659,1008,651
O01104,2026-01-15 00:00:00,P002,4,Retail,Direct,128,72,56
O01105,2026-03-16 00:00:00,P010,13,Retail,Direct,1937,1365,572
O01106,2025-11-15 00:00:00,P002,7,Retail,Online,224,126,98
O01107,2025-10-29 00:00:00,P016,4,Business,Online,316,192,124
O01108,2025-12-10 00:00:00,P016,15,Retail,Distributor,1185,720,465
O01109,2025-01-11 00:00:00,P019,19,Retail,Online,3401,2375,1026
O01110,2025-03-03 00:00:00,P007,9,Retail,Direct,1521,1035,486
O01111,2025-08-14 00:00:00,P012,11,Wholesale,Online,1309,858,451
O01112,2025-06-02 00:00:00,P015,8,Business,Online,336,200,136
O01113,2025-11-06 00:00:00,P008,1,Retail,Online,259,185,74
O01114,2025-08-31 00:00:00,P006,23,Retail,Online,1265,736,529
O01115,2026-05-08 00:00:00,P010,25,Business,Online,3725,2625,1100
O01116,2026-01-01 00:00:00,P003,24,Wholesale,Direct,1176,672,504
O01117,2025-11-26 00:00:00,P019,8,Retail,Online,1432,1000,432
O01118,2025-04-17 00:00:00,P017,13,Wholesale,Online,1807,1235,572
O01119,2025-08-14 00:00:00,P007,22,Wholesale,Online,3718,2530,1188
O01120,2025-08-06 00:00:00,P020,27,Wholesale,Direct,1755,1026,729
O01121,2026-05-21 00:00:00,P004,4,Business,Online,156,88,68
O01122,2025-09-16 00:00:00,P014,8,Business,Direct,144,80,64
O01123,2026-06-01 00:00:00,P020,3,Retail,Online,195,114,81
O01124,2025-02-23 00:00:00,P015,29,Business,Online,1218,725,493
O01125,2025-02-16 00:00:00,P008,9,Retail,Online,2331,1665,666
O01126,2026-06-05 00:00:00,P015,29,Business,Direct,1218,725,493
O01127,2025-04-09 00:00:00,P020,2,Retail,Online,130,76,54
O01128,2025-01-20 00:00:00,P014,2,Business,Online,36,20,16
O01129,2026-05-05 00:00:00,P009,28,Business,Online,2492,1624,868
O01130,2026-02-23 00:00:00,P008,13,Retail,Direct,3367,2405,962
O01131,2025-03-03 00:00:00,P017,15,Business,Online,2085,1425,660
O01132,2025-05-25 00:00:00,P002,28,Retail,Online,896,504,392
O01133,2025-08-04 00:00:00,P003,23,Business,Online,1127,644,483
O01134,2025-01-03 00:00:00,P008,12,Retail,Online,3108,2220,888
O01135,2025-06-09 00:00:00,P012,26,Retail,Direct,3094,2028,1066
O01136,2025-04-30 00:00:00,P001,4,Wholesale,Direct,88,48,40
O01137,2025-03-30 00:00:00,P010,26,Retail,Online,3874,2730,1144
O01138,2025-11-25 00:00:00,P020,8,Business,Online,520,304,216
O01139,2025-12-23 00:00:00,P003,9,Retail,Online,441,252,189
O01140,2025-09-24 00:00:00,P006,23,Retail,Online,1265,736,529
O01141,2025-11-19 00:00:00,P007,5,Retail,Online,845,575,270
O01142,2026-06-25 00:00:00,P020,24,Business,Direct,1560,912,648
O01143,2025-07-14 00:00:00,P018,20,Retail,Distributor,1900,1240,660
O01144,2025-11-28 00:00:00,P011,18,Retail,Distributor,1242,756,486
O01145,2025-06-19 00:00:00,P019,11,Retail,Distributor,1969,1375,594
O01146,2026-06-05 00:00:00,P005,15,Retail,Direct,885,525,360
O01147,2026-04-08 00:00:00,P019,28,Wholesale,Direct,5012,3500,1512
O01148,2025-02-09 00:00:00,P011,22,Wholesale,Online,1518,924,594
O01149,2026-06-21 00:00:00,P012,9,Retail,Direct,1071,702,369
O01150,2025-09-18 00:00:00,P010,17,Business,Online,2533,1785,748
O01151,2026-01-30 00:00:00,P008,27,Retail,Online,6993,4995,1998
O01152,2025-08-14 00:00:00,P009,26,Business,Direct,2314,1508,806
O01153,2025-05-04 00:00:00,P004,12,Business,Online,468,264,204
O01154,2025-02-07 00:00:00,P005,7,Wholesale,Online,413,245,168
O01155,2025-11-24 00:00:00,P008,10,Retail,Distributor,2590,1850,740
O01156,2025-09-08 00:00:00,P009,25,Business,Online,2225,1450,775
O01157,2025-06-25 00:00:00,P015,26,Retail,Online,1092,650,442
O01158,2026-03-30 00:00:00,P015,25,Wholesale,Distributor,1050,625,425
O01159,2025-02-06 00:00:00,P016,10,Retail,Direct,790,480,310
O01160,2025-11-12 00:00:00,P014,27,Business,Online,486,270,216
O01161,2025-04-24 00:00:00,P008,13,Business,Online,3367,2405,962
O01162,2025-02-09 00:00:00,P018,19,Business,Online,1805,1178,627
O01163,2025-10-28 00:00:00,P010,11,Retail,Distributor,1639,1155,484
O01164,2025-08-12 00:00:00,P020,13,Wholesale,Direct,845,494,351
O01165,2025-11-14 00:00:00,P006,21,Retail,Online,1155,672,483
O01166,2025-12-15 00:00:00,P012,8,Business,Online,952,624,328
O01167,2025-04-25 00:00:00,P002,8,Retail,Online,256,144,112
O01168,2025-11-19 00:00:00,P007,4,Retail,Distributor,676,460,216
O01169,2025-02-09 00:00:00,P016,15,Retail,Online,1185,720,465
O01170,2025-02-09 00:00:00,P003,28,Retail,Direct,1372,784,588
O01171,2025-10-16 00:00:00,P013,11,Retail,Online,165,88,77
O01172,2025-09-19 00:00:00,P003,11,Retail,Direct,539,308,231
O01173,2025-08-04 00:00:00,P018,1,Retail,Distributor,95,62,33
O01174,2025-05-27 00:00:00,P011,17,Business,Direct,1173,714,459
O01175,2025-12-02 00:00:00,P008,15,Wholesale,Online,3885,2775,1110
O01176,2025-06-17 00:00:00,P006,20,Retail,Direct,1100,640,460
O01177,2025-04-02 00:00:00,P001,6,Retail,Direct,132,72,60
O01178,2025-12-19 00:00:00,P001,24,Retail,Online,528,288,240
O01179,2025-12-29 00:00:00,P008,22,Retail,Distributor,5698,4070,1628
O01180,2025-12-11 00:00:00,P005,28,Business,Direct,1652,980,672
O01181,2025-06-19 00:00:00,P016,25,Business,Distributor,1975,1200,775
O01182,2025-12-22 00:00:00,P011,15,Retail,Direct,1035,630,405
O01183,2025-07-10 00:00:00,P005,9,Retail,Online,531,315,216
O01184,2026-02-26 00:00:00,P004,14,Retail,Online,546,308,238
O01185,2025-01-07 00:00:00,P006,18,Business,Online,990,576,414
O01186,2025-05-13 00:00:00,P014,26,Wholesale,Distributor,468,260,208
O01187,2025-01-31 00:00:00,P019,17,Retail,Direct,3043,2125,918
O01188,2026-06-19 00:00:00,P009,18,Retail,Direct,1602,1044,558
O01189,2026-03-02 00:00:00,P012,5,Wholesale,Online,595,390,205
O01190,2026-01-29 00:00:00,P011,20,Wholesale,Online,1380,840,540
O01191,2025-12-29 00:00:00,P014,20,Retail,Direct,360,200,160
O01192,2026-03-13 00:00:00,P016,9,Retail,Online,711,432,279
O01193,2025-03-23 00:00:00,P001,11,Retail,Online,242,132,110
O01194,2025-12-22 00:00:00,P013,24,Business,Direct,360,192,168
O01195,2025-09-15 00:00:00,P013,22,Retail,Online,330,176,154
O01196,2026-06-08 00:00:00,P002,1,Retail,Online,32,18,14
O01197,2025-10-22 00:00:00,P004,18,Business,Online,702,396,306
O01198,2025-08-12 00:00:00,P006,6,Retail,Online,330,192,138
O01199,2026-06-09 00:00:00,P005,27,Business,Distributor,1593,945,648
O01200,2025-02-15 00:00:00,P003,2,Retail,Online,98,56,42
