Shipment_ID,Shipment_Date,Product_ID,Quantity,Warehouse,Carrier,Promised_Days,Actual_Days,On_Time,Transport_Cost_GBP,Month
SH00001,2025-05-24 00:00:00,P003,17,London,DHL,6,4,Yes,15.55,2025-05
SH00002,2025-07-08 00:00:00,P009,35,London,Evri,4,4,Yes,24.78,2025-07
SH00003,2025-09-12 00:00:00,P002,33,Manchester,Royal Mail,5,4,Yes,23.14,2025-09
SH00004,2025-03-09 00:00:00,P003,32,London,Evri,5,5,Yes,27.61,2025-03
SH00005,2025-12-02 00:00:00,P014,31,London,Royal Mail,6,10,No,27.55,2025-12
SH00006,2026-02-13 00:00:00,P004,19,London,Evri,3,2,Yes,13.04,2026-02
SH00007,2025-10-27 00:00:00,P019,35,Birmingham,Royal Mail,2,2,Yes,25.87,2025-10
SH00008,2025-12-23 00:00:00,P013,44,London,DPD,3,1,Yes,27.05,2025-12
SH00009,2025-09-13 00:00:00,P007,19,Birmingham,DHL,3,2,Yes,13.88,2025-09
SH00010,2025-12-19 00:00:00,P012,37,London,DPD,3,3,Yes,26.89,2025-12
SH00011,2026-06-05 00:00:00,P003,24,London,DPD,3,1,Yes,16.03,2026-06
SH00012,2026-06-08 00:00:00,P009,46,Birmingham,DHL,7,9,No,31.22,2026-06
SH00013,2025-10-11 00:00:00,P002,16,London,Evri,2,2,Yes,18.65,2025-10
SH00014,2025-11-08 00:00:00,P009,41,Manchester,DPD,7,8,No,29.79,2025-11
SH00015,2025-04-09 00:00:00,P012,13,London,Evri,4,7,No,15.95,2025-04
SH00016,2025-07-16 00:00:00,P012,27,London,Evri,3,4,No,20,2025-07
SH00017,2026-04-27 00:00:00,P015,12,London,Royal Mail,5,4,Yes,17.58,2026-04
SH00018,2025-08-14 00:00:00,P002,36,London,Evri,6,4,Yes,21.59,2025-08
SH00019,2025-12-31 00:00:00,P018,18,Manchester,DPD,6,9,No,23.12,2025-12
SH00020,2026-01-03 00:00:00,P013,31,Manchester,Evri,7,10,No,29.41,2026-01
SH00021,2025-03-16 00:00:00,P014,29,London,DPD,7,11,No,26.8,2025-03
SH00022,2025-02-11 00:00:00,P005,17,Birmingham,DPD,5,6,No,20.9,2025-02
SH00023,2026-02-26 00:00:00,P010,25,Birmingham,DPD,3,1,Yes,20.72,2026-02
SH00024,2025-06-30 00:00:00,P012,49,London,DPD,2,6,No,30.33,2025-06
SH00025,2026-06-29 00:00:00,P010,35,London,Royal Mail,4,4,Yes,22.91,2026-06
SH00026,2025-03-12 00:00:00,P011,41,Manchester,DPD,6,7,No,26.66,2025-03
SH00027,2025-04-15 00:00:00,P002,47,Manchester,DPD,4,8,No,32.48,2025-04
SH00028,2025-07-19 00:00:00,P005,9,Manchester,Evri,2,2,Yes,15.99,2025-07
SH00029,2025-04-11 00:00:00,P007,17,Manchester,Royal Mail,7,7,Yes,18.85,2025-04
SH00030,2025-11-03 00:00:00,P006,32,Birmingham,DPD,6,6,Yes,23.77,2025-11
SH00031,2026-01-12 00:00:00,P003,47,London,Royal Mail,4,6,No,29.1,2026-01
SH00032,2026-02-03 00:00:00,P013,29,London,Royal Mail,7,7,Yes,24.94,2026-02
SH00033,2025-08-09 00:00:00,P003,39,London,Evri,2,2,Yes,21.28,2025-08
SH00034,2025-07-01 00:00:00,P006,43,Birmingham,DPD,4,6,No,31.03,2025-07
SH00035,2025-11-03 00:00:00,P011,11,Manchester,DHL,3,7,No,16.51,2025-11
SH00036,2026-06-06 00:00:00,P017,42,Manchester,DPD,7,7,Yes,30.64,2026-06
SH00037,2026-01-31 00:00:00,P010,36,Manchester,DPD,2,2,Yes,22.51,2026-01
SH00038,2025-01-04 00:00:00,P012,7,Manchester,Evri,4,5,No,15.64,2025-01
SH00039,2025-10-08 00:00:00,P017,49,Manchester,DPD,3,4,No,26.19,2025-10
SH00040,2025-08-03 00:00:00,P004,43,London,Evri,3,5,No,29.43,2025-08
SH00041,2026-02-24 00:00:00,P002,41,Manchester,DPD,2,1,Yes,20.76,2026-02
SH00042,2025-04-11 00:00:00,P011,26,Birmingham,Evri,5,5,Yes,18.51,2025-04
SH00043,2026-06-05 00:00:00,P007,12,London,DHL,6,10,No,21.57,2026-06
SH00044,2025-11-05 00:00:00,P002,21,Manchester,Evri,2,3,No,19.72,2025-11
SH00045,2026-05-25 00:00:00,P018,31,Manchester,Evri,3,4,No,18.85,2026-05
SH00046,2025-03-04 00:00:00,P004,37,London,Evri,3,3,Yes,20.21,2025-03
SH00047,2025-08-14 00:00:00,P008,50,London,DHL,2,2,Yes,29.72,2025-08
SH00048,2025-04-15 00:00:00,P020,21,Birmingham,DHL,5,5,Yes,22.32,2025-04
SH00049,2026-03-01 00:00:00,P014,46,Birmingham,Royal Mail,6,4,Yes,25.66,2026-03
SH00050,2025-09-12 00:00:00,P012,16,Manchester,DHL,4,4,Yes,18.12,2025-09
SH00051,2026-03-05 00:00:00,P018,50,London,DHL,2,2,Yes,26.85,2026-03
SH00052,2026-03-10 00:00:00,P011,31,London,DHL,6,6,Yes,25.31,2026-03
SH00053,2025-07-26 00:00:00,P008,12,London,DPD,6,10,No,24.1,2025-07
SH00054,2025-01-28 00:00:00,P002,27,London,DPD,7,7,Yes,20.39,2025-01
SH00055,2025-12-02 00:00:00,P015,46,London,DHL,3,3,Yes,29.02,2025-12
SH00056,2025-03-10 00:00:00,P009,33,Manchester,DHL,4,2,Yes,21.29,2025-03
SH00057,2026-05-28 00:00:00,P019,24,London,DPD,2,3,No,19.61,2026-05
SH00058,2025-06-16 00:00:00,P020,20,London,Royal Mail,3,5,No,20.73,2025-06
SH00059,2026-01-03 00:00:00,P008,21,London,DHL,7,10,No,27.73,2026-01
SH00060,2025-09-08 00:00:00,P019,20,London,DPD,7,5,Yes,15.95,2025-09
SH00061,2025-06-19 00:00:00,P005,23,Manchester,Evri,3,3,Yes,14.99,2025-06
SH00062,2025-03-31 00:00:00,P011,12,Birmingham,Evri,5,5,Yes,14.13,2025-03
SH00063,2026-03-22 00:00:00,P015,42,Manchester,Evri,6,5,Yes,31.09,2026-03
SH00064,2025-10-21 00:00:00,P008,42,London,Evri,2,1,Yes,25.32,2025-10
SH00065,2025-05-30 00:00:00,P019,33,London,DPD,2,5,No,24.97,2025-05
SH00066,2025-05-12 00:00:00,P008,45,Birmingham,Royal Mail,2,3,No,22.83,2025-05
SH00067,2026-03-09 00:00:00,P019,40,London,DPD,3,3,Yes,27.73,2026-03
SH00068,2025-02-28 00:00:00,P018,30,Manchester,Royal Mail,5,9,No,29.1,2025-02
SH00069,2025-07-18 00:00:00,P010,35,London,DPD,4,3,Yes,24.27,2025-07
SH00070,2025-08-03 00:00:00,P007,48,Birmingham,Royal Mail,7,10,No,32.51,2025-08
SH00071,2026-04-17 00:00:00,P009,16,London,DPD,3,7,No,16.46,2026-04
SH00072,2025-09-04 00:00:00,P001,21,Birmingham,DHL,4,2,Yes,17.79,2025-09
SH00073,2026-01-17 00:00:00,P019,19,Manchester,Royal Mail,7,9,No,24.51,2026-01
SH00074,2025-08-27 00:00:00,P005,13,Birmingham,DHL,7,10,No,18.3,2025-08
SH00075,2026-01-02 00:00:00,P019,43,Birmingham,DHL,5,5,Yes,28.62,2026-01
SH00076,2025-06-17 00:00:00,P001,46,Manchester,DHL,6,6,Yes,27.79,2025-06
SH00077,2025-02-20 00:00:00,P015,16,Birmingham,DPD,2,2,Yes,17.51,2025-02
SH00078,2026-01-15 00:00:00,P016,36,London,DHL,4,6,No,26.32,2026-01
SH00079,2026-04-19 00:00:00,P007,29,London,Evri,3,7,No,21.48,2026-04
SH00080,2025-03-21 00:00:00,P012,43,Birmingham,DPD,4,4,Yes,26.86,2025-03
SH00081,2026-01-02 00:00:00,P008,22,Birmingham,DPD,6,7,No,21.17,2026-01
SH00082,2026-04-06 00:00:00,P005,19,London,DPD,2,5,No,16.59,2026-04
SH00083,2026-06-23 00:00:00,P010,36,London,Royal Mail,4,5,No,27.83,2026-06
SH00084,2026-03-28 00:00:00,P005,10,Manchester,Royal Mail,6,5,Yes,12.09,2026-03
SH00085,2026-04-09 00:00:00,P017,48,London,Royal Mail,3,5,No,27.8,2026-04
SH00086,2026-04-23 00:00:00,P005,47,London,Royal Mail,5,4,Yes,24.15,2026-04
SH00087,2026-02-24 00:00:00,P015,39,London,Evri,7,6,Yes,23.82,2026-02
SH00088,2025-08-02 00:00:00,P013,38,Manchester,Evri,3,2,Yes,21.48,2025-08
SH00089,2026-01-04 00:00:00,P001,42,London,Royal Mail,2,1,Yes,20.03,2026-01
SH00090,2025-04-24 00:00:00,P011,9,Birmingham,DHL,7,5,Yes,16.42,2025-04
SH00091,2026-05-18 00:00:00,P001,22,London,Royal Mail,3,5,No,16.89,2026-05
SH00092,2025-11-07 00:00:00,P011,20,Birmingham,DPD,3,3,Yes,19.31,2025-11
SH00093,2026-04-14 00:00:00,P018,12,Manchester,Royal Mail,3,3,Yes,11.32,2026-04
SH00094,2025-02-13 00:00:00,P018,29,London,Evri,3,1,Yes,15.52,2025-02
SH00095,2026-02-19 00:00:00,P016,36,Birmingham,Royal Mail,7,8,No,26.24,2026-02
SH00096,2025-09-03 00:00:00,P013,30,London,Evri,2,1,Yes,22.57,2025-09
SH00097,2025-03-25 00:00:00,P007,26,London,DHL,6,10,No,27.23,2025-03
SH00098,2025-07-26 00:00:00,P001,35,Manchester,DHL,4,3,Yes,25.11,2025-07
SH00099,2025-05-31 00:00:00,P016,47,London,DHL,5,3,Yes,24.28,2025-05
SH00100,2026-06-12 00:00:00,P001,14,Birmingham,Evri,4,6,No,20.97,2026-06
SH00101,2025-06-14 00:00:00,P017,16,London,Evri,4,5,No,14.17,2025-06
SH00102,2025-05-25 00:00:00,P006,32,London,Royal Mail,5,6,No,22.3,2025-05
SH00103,2025-02-06 00:00:00,P002,10,London,Royal Mail,7,7,Yes,18.73,2025-02
SH00104,2025-11-29 00:00:00,P017,24,Birmingham,Royal Mail,2,2,Yes,17.2,2025-11
SH00105,2026-02-07 00:00:00,P006,9,Birmingham,Evri,5,5,Yes,19.52,2026-02
SH00106,2026-02-18 00:00:00,P014,27,Birmingham,Evri,2,2,Yes,15.49,2026-02
SH00107,2025-02-14 00:00:00,P018,13,London,Royal Mail,7,10,No,25.54,2025-02
SH00108,2026-02-06 00:00:00,P006,33,London,Royal Mail,4,6,No,25.94,2026-02
SH00109,2025-07-25 00:00:00,P010,20,Manchester,DHL,2,6,No,20.87,2025-07
SH00110,2025-03-03 00:00:00,P018,50,Manchester,Royal Mail,7,5,Yes,26.48,2025-03
SH00111,2026-02-24 00:00:00,P009,26,London,DPD,7,9,No,23.39,2026-02
SH00112,2026-04-13 00:00:00,P008,12,Birmingham,DHL,6,6,Yes,21,2026-04
SH00113,2025-01-19 00:00:00,P010,24,London,Evri,5,7,No,21.53,2025-01
SH00114,2025-12-31 00:00:00,P017,18,Manchester,DPD,6,4,Yes,19.19,2025-12
SH00115,2025-10-27 00:00:00,P006,43,Manchester,Evri,4,4,Yes,30.65,2025-10
SH00116,2025-01-07 00:00:00,P014,41,Manchester,DHL,5,5,Yes,24.95,2025-01
SH00117,2026-03-04 00:00:00,P006,38,Manchester,DPD,4,4,Yes,25.51,2026-03
SH00118,2025-04-27 00:00:00,P007,15,London,DPD,6,6,Yes,20.22,2025-04
SH00119,2026-05-22 00:00:00,P012,44,Manchester,DHL,7,6,Yes,26.12,2026-05
SH00120,2026-06-30 00:00:00,P003,37,Birmingham,DPD,4,4,Yes,21.74,2026-06
SH00121,2025-11-21 00:00:00,P014,35,London,DHL,5,5,Yes,24.4,2025-11
SH00122,2025-02-24 00:00:00,P019,48,Birmingham,DHL,5,3,Yes,26.59,2025-02
SH00123,2025-02-11 00:00:00,P016,38,Manchester,DHL,4,7,No,29.31,2025-02
SH00124,2025-10-24 00:00:00,P007,11,Manchester,DHL,5,5,Yes,12.91,2025-10
SH00125,2025-08-19 00:00:00,P008,27,London,Royal Mail,7,7,Yes,27.53,2025-08
SH00126,2026-03-29 00:00:00,P018,50,Birmingham,DHL,7,7,Yes,27.91,2026-03
SH00127,2026-01-29 00:00:00,P013,11,Manchester,Royal Mail,5,5,Yes,17.16,2026-01
SH00128,2026-06-06 00:00:00,P009,29,London,Royal Mail,4,4,Yes,22.25,2026-06
SH00129,2025-12-24 00:00:00,P010,7,Birmingham,DPD,6,6,Yes,12.93,2025-12
SH00130,2026-03-20 00:00:00,P009,42,Birmingham,Evri,5,5,Yes,24.41,2026-03
SH00131,2025-05-08 00:00:00,P015,24,London,Royal Mail,5,3,Yes,21.44,2025-05
SH00132,2026-02-09 00:00:00,P020,38,London,Royal Mail,5,5,Yes,28.9,2026-02
SH00133,2026-01-27 00:00:00,P002,48,Birmingham,DHL,5,8,No,30.26,2026-01
SH00134,2025-07-12 00:00:00,P013,48,Manchester,Royal Mail,4,6,No,29.7,2025-07
SH00135,2025-03-19 00:00:00,P002,34,Birmingham,Evri,6,5,Yes,23.24,2025-03
SH00136,2025-03-26 00:00:00,P019,21,Manchester,DPD,6,4,Yes,15.53,2025-03
SH00137,2025-01-30 00:00:00,P002,14,London,DHL,2,2,Yes,16.09,2025-01
SH00138,2025-02-18 00:00:00,P003,39,London,DPD,5,5,Yes,28.75,2025-02
SH00139,2025-05-25 00:00:00,P006,24,Birmingham,Royal Mail,5,3,Yes,17.54,2025-05
SH00140,2025-03-10 00:00:00,P003,22,London,DPD,2,2,Yes,21.42,2025-03
SH00141,2025-02-27 00:00:00,P010,49,Manchester,Royal Mail,6,6,Yes,27.16,2025-02
SH00142,2026-04-24 00:00:00,P006,48,London,DHL,3,3,Yes,28.79,2026-04
SH00143,2026-03-21 00:00:00,P016,31,London,Evri,7,7,Yes,24.74,2026-03
SH00144,2025-10-23 00:00:00,P017,40,London,DHL,3,7,No,27.87,2025-10
SH00145,2025-06-20 00:00:00,P019,27,Manchester,DHL,6,4,Yes,20.71,2025-06
SH00146,2025-05-27 00:00:00,P003,36,London,Royal Mail,5,5,Yes,23.17,2025-05
SH00147,2026-04-29 00:00:00,P018,14,London,DHL,3,3,Yes,17.32,2026-04
SH00148,2025-11-02 00:00:00,P007,15,London,DHL,4,2,Yes,16.82,2025-11
SH00149,2026-03-22 00:00:00,P009,42,Manchester,DHL,4,3,Yes,23.66,2026-03
SH00150,2025-08-09 00:00:00,P020,10,London,DPD,2,1,Yes,15.08,2025-08
SH00151,2026-01-13 00:00:00,P012,45,London,Evri,6,7,No,28.58,2026-01
SH00152,2025-09-23 00:00:00,P005,38,London,Evri,6,6,Yes,28.5,2025-09
SH00153,2025-04-05 00:00:00,P003,40,Birmingham,DPD,3,5,No,23.47,2025-04
SH00154,2025-09-19 00:00:00,P011,41,London,DHL,5,5,Yes,24.2,2025-09
SH00155,2025-03-12 00:00:00,P004,21,London,DPD,6,10,No,22.88,2025-03
SH00156,2025-08-07 00:00:00,P005,44,London,Royal Mail,3,5,No,28.65,2025-08
SH00157,2026-06-17 00:00:00,P001,44,Birmingham,DPD,3,3,Yes,27.26,2026-06
SH00158,2025-04-02 00:00:00,P018,16,Birmingham,DHL,7,7,Yes,19.07,2025-04
SH00159,2025-05-07 00:00:00,P012,25,Birmingham,DHL,7,7,Yes,19.67,2025-05
SH00160,2025-03-21 00:00:00,P013,44,Manchester,Royal Mail,6,6,Yes,27.79,2025-03
SH00161,2025-08-26 00:00:00,P009,23,Manchester,DPD,3,7,No,23.86,2025-08
SH00162,2026-01-07 00:00:00,P002,7,London,Evri,2,2,Yes,13.62,2026-01
SH00163,2026-05-01 00:00:00,P005,22,Manchester,DPD,2,3,No,15.68,2026-05
SH00164,2025-01-25 00:00:00,P013,23,Birmingham,DHL,7,10,No,21.11,2025-01
SH00165,2025-06-05 00:00:00,P016,10,Manchester,DPD,6,10,No,22.52,2025-06
SH00166,2026-06-01 00:00:00,P016,20,London,DPD,5,7,No,18.15,2026-06
SH00167,2026-06-14 00:00:00,P003,12,Birmingham,DHL,2,2,Yes,10.66,2026-06
SH00168,2025-02-26 00:00:00,P004,22,London,DHL,2,1,Yes,12.62,2025-02
SH00169,2025-01-19 00:00:00,P011,47,Manchester,DHL,7,7,Yes,30.21,2025-01
SH00170,2026-01-19 00:00:00,P014,43,London,DHL,7,8,No,30.28,2026-01
SH00171,2025-07-12 00:00:00,P003,16,London,DPD,6,6,Yes,20.1,2025-07
SH00172,2025-08-25 00:00:00,P016,49,London,Evri,7,5,Yes,28.02,2025-08
SH00173,2026-01-22 00:00:00,P015,14,London,DPD,4,5,No,19.08,2026-01
SH00174,2026-03-02 00:00:00,P010,11,Birmingham,Royal Mail,3,1,Yes,10.1,2026-03
SH00175,2025-10-04 00:00:00,P009,50,London,DPD,2,6,No,33.56,2025-10
SH00176,2025-08-15 00:00:00,P011,5,London,DPD,4,2,Yes,12.12,2025-08
SH00177,2025-11-19 00:00:00,P016,40,Manchester,DHL,5,6,No,28.07,2025-11
SH00178,2025-06-02 00:00:00,P010,25,London,DPD,4,2,Yes,16.23,2025-06
SH00179,2025-08-25 00:00:00,P017,41,Birmingham,DPD,6,8,No,26.14,2025-08
SH00180,2025-02-24 00:00:00,P019,28,London,DHL,5,5,Yes,22.02,2025-02
SH00181,2026-03-12 00:00:00,P002,29,London,Royal Mail,5,6,No,24.47,2026-03
SH00182,2025-04-19 00:00:00,P002,11,Manchester,DPD,7,9,No,16.71,2025-04
SH00183,2025-07-03 00:00:00,P006,46,Manchester,DPD,4,2,Yes,29.5,2025-07
SH00184,2026-01-03 00:00:00,P019,21,London,DHL,6,4,Yes,22.79,2026-01
SH00185,2025-07-17 00:00:00,P008,33,Manchester,Royal Mail,2,2,Yes,21.71,2025-07
SH00186,2026-01-06 00:00:00,P003,34,Manchester,Royal Mail,7,8,No,30.7,2026-01
SH00187,2026-01-08 00:00:00,P014,11,Manchester,DHL,4,8,No,16.49,2026-01
SH00188,2026-05-12 00:00:00,P016,37,London,DHL,2,1,Yes,18.05,2026-05
SH00189,2025-07-20 00:00:00,P001,11,London,DPD,4,4,Yes,11.77,2025-07
SH00190,2026-05-24 00:00:00,P003,28,Birmingham,DHL,7,10,No,27.5,2026-05
SH00191,2025-11-18 00:00:00,P018,15,Birmingham,Royal Mail,2,6,No,15.14,2025-11
SH00192,2025-10-02 00:00:00,P009,13,London,Royal Mail,7,7,Yes,22.52,2025-10
SH00193,2025-07-30 00:00:00,P006,16,Manchester,DHL,4,3,Yes,13.44,2025-07
SH00194,2026-05-19 00:00:00,P001,39,London,DHL,5,5,Yes,24.59,2026-05
SH00195,2025-04-28 00:00:00,P010,8,Birmingham,Royal Mail,3,2,Yes,15.18,2025-04
SH00196,2025-02-11 00:00:00,P006,40,London,DHL,5,3,Yes,22.45,2025-02
SH00197,2025-11-11 00:00:00,P012,32,Birmingham,DHL,7,7,Yes,23.44,2025-11
SH00198,2025-11-25 00:00:00,P004,17,London,Royal Mail,7,9,No,23.19,2025-11
SH00199,2025-01-17 00:00:00,P013,27,Manchester,DPD,7,5,Yes,20.16,2025-01
SH00200,2025-10-10 00:00:00,P017,23,Birmingham,DPD,2,1,Yes,14.69,2025-10
SH00201,2025-09-15 00:00:00,P008,46,Manchester,DHL,6,4,Yes,25.73,2025-09
SH00202,2025-01-19 00:00:00,P020,41,Manchester,Royal Mail,7,10,No,31.28,2025-01
SH00203,2026-06-13 00:00:00,P003,43,Birmingham,DPD,5,5,Yes,31.28,2026-06
SH00204,2026-02-27 00:00:00,P012,28,Manchester,Evri,3,6,No,25.86,2026-02
SH00205,2026-04-11 00:00:00,P007,20,London,Royal Mail,7,7,Yes,19.58,2026-04
SH00206,2026-01-08 00:00:00,P012,37,London,DHL,7,9,No,27.96,2026-01
SH00207,2025-03-22 00:00:00,P002,16,London,DPD,7,10,No,22.32,2025-03
SH00208,2026-02-28 00:00:00,P014,38,London,DPD,2,3,No,27.83,2026-02
SH00209,2026-03-05 00:00:00,P005,11,Manchester,DPD,7,9,No,17.33,2026-03
SH00210,2026-01-23 00:00:00,P009,15,London,Evri,5,4,Yes,15.71,2026-01
SH00211,2025-07-23 00:00:00,P011,35,Birmingham,Royal Mail,4,7,No,28.39,2025-07
SH00212,2025-07-15 00:00:00,P005,33,Birmingham,DHL,6,6,Yes,28.66,2025-07
SH00213,2025-10-12 00:00:00,P003,17,Birmingham,Royal Mail,7,9,No,19.3,2025-10
SH00214,2025-07-15 00:00:00,P017,35,Birmingham,DHL,2,1,Yes,18.97,2025-07
SH00215,2025-11-03 00:00:00,P002,6,Manchester,Royal Mail,5,5,Yes,12.41,2025-11
SH00216,2025-01-14 00:00:00,P001,43,London,Royal Mail,7,5,Yes,23.72,2025-01
SH00217,2025-05-26 00:00:00,P007,19,London,DPD,2,5,No,19.98,2025-05
SH00218,2025-02-26 00:00:00,P014,15,Birmingham,DHL,4,4,Yes,18.22,2025-02
SH00219,2025-07-29 00:00:00,P005,38,Birmingham,Royal Mail,3,3,Yes,24.82,2025-07
SH00220,2026-06-13 00:00:00,P019,43,London,Royal Mail,7,6,Yes,25.02,2026-06
SH00221,2025-12-10 00:00:00,P011,8,Manchester,DPD,5,5,Yes,11.85,2025-12
SH00222,2025-10-06 00:00:00,P002,15,London,DHL,2,1,Yes,11.83,2025-10
SH00223,2025-07-28 00:00:00,P008,33,London,Royal Mail,2,6,No,23.27,2025-07
SH00224,2025-12-01 00:00:00,P009,6,London,DHL,7,7,Yes,18.69,2025-12
SH00225,2025-10-15 00:00:00,P003,20,Birmingham,DHL,2,3,No,14.98,2025-10
SH00226,2025-09-09 00:00:00,P002,43,Birmingham,DHL,3,2,Yes,21.2,2025-09
SH00227,2025-09-22 00:00:00,P007,17,London,DHL,2,1,Yes,14,2025-09
SH00228,2025-09-28 00:00:00,P005,41,London,DPD,6,6,Yes,27.08,2025-09
SH00229,2026-02-23 00:00:00,P005,21,Manchester,Evri,6,8,No,22.16,2026-02
SH00230,2025-07-30 00:00:00,P020,25,London,Royal Mail,2,3,No,22.07,2025-07
SH00231,2025-12-31 00:00:00,P013,48,London,DHL,7,5,Yes,26.08,2025-12
SH00232,2025-03-17 00:00:00,P020,23,Birmingham,DPD,6,4,Yes,21.28,2025-03
SH00233,2025-11-17 00:00:00,P006,11,London,DPD,5,8,No,17.75,2025-11
SH00234,2026-03-09 00:00:00,P020,42,Manchester,DHL,6,6,Yes,26.58,2026-03
SH00235,2025-04-19 00:00:00,P018,12,London,Evri,2,2,Yes,17.46,2025-04
SH00236,2026-06-06 00:00:00,P002,17,Birmingham,DPD,7,9,No,20.04,2026-06
SH00237,2025-02-16 00:00:00,P006,41,Birmingham,Evri,4,7,No,29.79,2025-02
SH00238,2026-01-14 00:00:00,P009,6,Manchester,DPD,7,9,No,16.4,2026-01
SH00239,2025-04-06 00:00:00,P003,45,London,Royal Mail,7,6,Yes,29.21,2025-04
SH00240,2025-04-13 00:00:00,P001,15,Birmingham,DHL,7,7,Yes,21.84,2025-04
SH00241,2025-05-26 00:00:00,P001,28,Birmingham,DPD,5,3,Yes,23.55,2025-05
SH00242,2025-01-27 00:00:00,P019,10,Birmingham,DHL,3,7,No,20.51,2025-01
SH00243,2026-06-14 00:00:00,P005,30,Birmingham,Evri,2,2,Yes,20.96,2026-06
SH00244,2025-03-23 00:00:00,P013,11,Birmingham,Royal Mail,3,3,Yes,12.54,2025-03
SH00245,2026-03-04 00:00:00,P019,43,Manchester,Evri,4,8,No,31.54,2026-03
SH00246,2026-04-24 00:00:00,P012,23,London,Royal Mail,3,3,Yes,20.43,2026-04
SH00247,2025-06-11 00:00:00,P016,10,London,Evri,2,5,No,12.09,2025-06
SH00248,2026-02-06 00:00:00,P019,47,Manchester,DHL,2,1,Yes,24.86,2026-02
SH00249,2026-05-23 00:00:00,P003,33,London,DPD,4,4,Yes,25.9,2026-05
SH00250,2025-02-07 00:00:00,P012,47,Manchester,Royal Mail,2,1,Yes,25.27,2025-02
SH00251,2026-05-26 00:00:00,P005,43,Birmingham,Royal Mail,4,2,Yes,23.34,2026-05
SH00252,2026-01-28 00:00:00,P002,6,Birmingham,Royal Mail,4,3,Yes,15.77,2026-01
SH00253,2026-05-09 00:00:00,P007,23,London,DHL,2,5,No,17.8,2026-05
SH00254,2025-07-19 00:00:00,P013,8,London,DHL,6,10,No,17.45,2025-07
SH00255,2025-09-12 00:00:00,P015,10,Birmingham,Evri,4,3,Yes,15.7,2025-09
SH00256,2025-06-28 00:00:00,P003,41,Manchester,Royal Mail,2,4,No,24.77,2025-06
SH00257,2026-01-24 00:00:00,P020,32,Manchester,DHL,6,6,Yes,26.3,2026-01
SH00258,2026-02-02 00:00:00,P005,34,London,Royal Mail,4,4,Yes,20.76,2026-02
SH00259,2025-06-07 00:00:00,P008,11,London,Evri,6,10,No,18.87,2025-06
SH00260,2025-01-04 00:00:00,P001,13,London,DHL,5,6,No,15.2,2025-01
SH00261,2025-06-16 00:00:00,P008,29,Manchester,Evri,7,5,Yes,26.27,2025-06
SH00262,2026-04-13 00:00:00,P018,37,London,Evri,5,5,Yes,24.69,2026-04
SH00263,2026-02-13 00:00:00,P020,5,London,Evri,6,8,No,15.65,2026-02
SH00264,2026-02-16 00:00:00,P016,10,London,Evri,4,4,Yes,11.21,2026-02
SH00265,2025-07-23 00:00:00,P018,22,London,DPD,2,5,No,17.43,2025-07
SH00266,2025-07-13 00:00:00,P020,14,Manchester,DPD,3,3,Yes,14.97,2025-07
SH00267,2025-08-23 00:00:00,P012,32,Birmingham,DHL,2,6,No,21.15,2025-08
SH00268,2025-05-30 00:00:00,P013,15,London,DHL,3,7,No,19.64,2025-05
SH00269,2025-06-08 00:00:00,P013,37,London,DPD,3,7,No,26.89,2025-06
SH00270,2025-10-06 00:00:00,P010,5,London,DPD,4,2,Yes,13.69,2025-10
SH00271,2026-02-08 00:00:00,P007,17,London,DHL,6,5,Yes,19.73,2026-02
SH00272,2025-11-07 00:00:00,P014,41,London,DPD,2,2,Yes,23.72,2025-11
SH00273,2025-03-09 00:00:00,P016,24,Birmingham,DHL,6,6,Yes,19.6,2025-03
SH00274,2026-04-08 00:00:00,P015,5,London,Evri,5,9,No,19.66,2026-04
SH00275,2025-03-29 00:00:00,P012,7,London,DHL,4,5,No,16.61,2025-03
SH00276,2025-08-05 00:00:00,P009,22,London,Royal Mail,4,2,Yes,14.73,2025-08
SH00277,2025-01-01 00:00:00,P008,45,Manchester,DPD,5,9,No,35.17,2025-01
SH00278,2025-05-15 00:00:00,P018,18,Birmingham,DHL,2,3,No,13.52,2025-05
SH00279,2025-12-17 00:00:00,P018,35,Birmingham,Evri,7,7,Yes,22.99,2025-12
SH00280,2025-05-20 00:00:00,P013,31,Birmingham,DPD,5,5,Yes,20.85,2025-05
SH00281,2025-05-13 00:00:00,P018,21,Birmingham,DPD,2,2,Yes,20.43,2025-05
SH00282,2025-06-27 00:00:00,P015,50,London,DHL,3,5,No,30.16,2025-06
SH00283,2025-12-24 00:00:00,P004,33,Manchester,DPD,4,4,Yes,25.45,2025-12
SH00284,2026-01-15 00:00:00,P017,40,London,DHL,2,1,Yes,20.72,2026-01
SH00285,2026-03-26 00:00:00,P005,41,London,DPD,6,9,No,30.37,2026-03
SH00286,2026-04-08 00:00:00,P016,30,Manchester,DPD,6,6,Yes,22.77,2026-04
SH00287,2025-04-18 00:00:00,P009,21,London,Evri,4,7,No,24.27,2025-04
SH00288,2025-05-02 00:00:00,P010,26,Manchester,Royal Mail,5,3,Yes,15.98,2025-05
SH00289,2025-01-17 00:00:00,P018,29,Birmingham,DHL,7,7,Yes,22.4,2025-01
SH00290,2025-07-15 00:00:00,P017,6,Manchester,DHL,5,9,No,15.42,2025-07
SH00291,2025-11-23 00:00:00,P018,26,Manchester,DPD,2,1,Yes,20.87,2025-11
SH00292,2025-11-14 00:00:00,P007,9,Manchester,DHL,5,5,Yes,15.39,2025-11
SH00293,2026-04-24 00:00:00,P004,8,Manchester,DHL,4,5,No,14.53,2026-04
SH00294,2025-09-09 00:00:00,P005,40,Manchester,Evri,2,5,No,26.1,2025-09
SH00295,2026-05-18 00:00:00,P016,10,Birmingham,DHL,3,3,Yes,17.98,2026-05
SH00296,2025-04-29 00:00:00,P003,25,London,Evri,5,5,Yes,24.05,2025-04
SH00297,2026-05-13 00:00:00,P018,17,London,DHL,5,7,No,21.9,2026-05
SH00298,2026-05-01 00:00:00,P014,41,Birmingham,Evri,7,5,Yes,25.17,2026-05
SH00299,2025-02-14 00:00:00,P015,29,Manchester,Royal Mail,2,4,No,19.07,2025-02
SH00300,2025-11-10 00:00:00,P017,30,Birmingham,Royal Mail,6,9,No,29.97,2025-11
SH00301,2025-06-28 00:00:00,P001,43,Manchester,DHL,5,8,No,29.63,2025-06
SH00302,2026-02-22 00:00:00,P017,24,Manchester,Evri,4,8,No,21.83,2026-02
SH00303,2025-03-19 00:00:00,P011,37,London,Evri,5,6,No,26.12,2025-03
SH00304,2025-11-22 00:00:00,P017,18,London,Royal Mail,7,8,No,24.84,2025-11
SH00305,2025-12-23 00:00:00,P014,40,London,DPD,3,2,Yes,22.9,2025-12
SH00306,2026-02-20 00:00:00,P020,21,London,Royal Mail,7,7,Yes,22.15,2026-02
SH00307,2026-05-30 00:00:00,P019,25,Birmingham,DHL,5,5,Yes,23.67,2026-05
SH00308,2025-08-02 00:00:00,P007,50,Manchester,Royal Mail,6,6,Yes,30.32,2025-08
SH00309,2025-03-15 00:00:00,P013,20,Manchester,Evri,5,8,No,20.07,2025-03
SH00310,2026-05-24 00:00:00,P018,50,London,DPD,2,1,Yes,30.36,2026-05
SH00311,2025-11-28 00:00:00,P014,20,London,DHL,5,5,Yes,23.15,2025-11
SH00312,2025-04-03 00:00:00,P001,24,London,DPD,6,6,Yes,24.55,2025-04
SH00313,2026-06-03 00:00:00,P007,33,Birmingham,Royal Mail,2,1,Yes,21.96,2026-06
SH00314,2025-09-26 00:00:00,P008,32,London,DHL,4,4,Yes,21.16,2025-09
SH00315,2026-01-11 00:00:00,P018,12,London,DHL,2,2,Yes,17.31,2026-01
SH00316,2025-01-04 00:00:00,P009,28,London,DHL,7,8,No,23.2,2025-01
SH00317,2025-05-18 00:00:00,P001,7,London,Royal Mail,3,7,No,19.16,2025-05
SH00318,2025-08-19 00:00:00,P017,29,Manchester,DHL,7,11,No,31.4,2025-08
SH00319,2026-06-13 00:00:00,P019,23,London,Royal Mail,2,6,No,22.27,2026-06
SH00320,2025-02-21 00:00:00,P006,37,London,DPD,4,2,Yes,25.17,2025-02
SH00321,2025-11-21 00:00:00,P003,6,London,Royal Mail,5,9,No,20.53,2025-11
SH00322,2025-10-04 00:00:00,P005,19,London,Evri,2,5,No,16.7,2025-10
SH00323,2026-06-20 00:00:00,P002,26,Birmingham,DHL,7,6,Yes,23.84,2026-06
SH00324,2026-05-01 00:00:00,P020,14,Birmingham,DPD,2,1,Yes,10.55,2026-05
SH00325,2026-05-31 00:00:00,P004,22,Birmingham,Evri,2,1,Yes,16.66,2026-05
SH00326,2025-06-01 00:00:00,P010,26,Birmingham,DHL,2,3,No,17.1,2025-06
SH00327,2026-04-28 00:00:00,P010,50,London,DHL,4,8,No,32.03,2026-04
SH00328,2025-09-16 00:00:00,P011,31,Birmingham,Evri,6,8,No,28.71,2025-09
SH00329,2025-11-20 00:00:00,P016,17,London,Evri,6,6,Yes,23.25,2025-11
SH00330,2025-06-17 00:00:00,P017,37,London,Royal Mail,2,1,Yes,20.39,2025-06
SH00331,2025-11-06 00:00:00,P016,9,Manchester,DHL,4,2,Yes,13.21,2025-11
SH00332,2026-04-24 00:00:00,P007,30,Manchester,DPD,4,3,Yes,21.29,2026-04
SH00333,2025-02-25 00:00:00,P016,17,Birmingham,DHL,2,1,Yes,18.49,2025-02
SH00334,2026-04-18 00:00:00,P003,31,London,Royal Mail,7,7,Yes,24.98,2026-04
SH00335,2025-10-23 00:00:00,P016,18,London,Royal Mail,7,8,No,23.09,2025-10
SH00336,2026-04-06 00:00:00,P008,28,Manchester,Evri,3,6,No,26.57,2026-04
SH00337,2025-11-20 00:00:00,P012,7,London,DHL,2,2,Yes,11.24,2025-11
SH00338,2025-05-21 00:00:00,P003,34,London,Royal Mail,3,7,No,29.42,2025-05
SH00339,2025-09-19 00:00:00,P017,39,London,DHL,7,7,Yes,31.29,2025-09
SH00340,2026-02-24 00:00:00,P018,18,London,DPD,7,9,No,25.85,2026-02
SH00341,2025-08-29 00:00:00,P011,16,London,Royal Mail,2,5,No,16.26,2025-08
SH00342,2025-12-21 00:00:00,P004,32,Birmingham,DHL,3,3,Yes,21.1,2025-12
SH00343,2025-06-29 00:00:00,P016,48,Birmingham,Royal Mail,3,2,Yes,29.56,2025-06
SH00344,2025-03-07 00:00:00,P017,33,Manchester,Royal Mail,2,1,Yes,19.32,2025-03
SH00345,2025-12-14 00:00:00,P009,47,London,Evri,3,3,Yes,27.95,2025-12
SH00346,2025-06-20 00:00:00,P006,21,London,Royal Mail,5,3,Yes,14.99,2025-06
SH00347,2026-04-19 00:00:00,P020,44,Birmingham,Evri,7,6,Yes,25.25,2026-04
SH00348,2026-06-18 00:00:00,P002,25,Birmingham,DPD,6,10,No,25.05,2026-06
SH00349,2026-01-02 00:00:00,P009,27,Birmingham,DHL,4,6,No,23.48,2026-01
SH00350,2025-04-17 00:00:00,P006,24,Manchester,DPD,3,4,No,19.14,2025-04
SH00351,2026-03-15 00:00:00,P003,15,London,DPD,3,7,No,20.17,2026-03
SH00352,2025-08-15 00:00:00,P020,38,Manchester,Royal Mail,4,6,No,26.82,2025-08
SH00353,2026-03-20 00:00:00,P006,14,Birmingham,Royal Mail,3,3,Yes,17.09,2026-03
SH00354,2026-03-18 00:00:00,P007,14,London,DPD,4,8,No,21.3,2026-03
SH00355,2026-01-31 00:00:00,P001,47,Manchester,DHL,2,3,No,26.54,2026-01
SH00356,2025-03-25 00:00:00,P001,10,Birmingham,DHL,5,6,No,16.3,2025-03
SH00357,2025-01-13 00:00:00,P005,40,London,Royal Mail,5,5,Yes,23.63,2025-01
SH00358,2026-05-08 00:00:00,P006,28,London,Royal Mail,7,5,Yes,22.41,2026-05
SH00359,2025-09-25 00:00:00,P013,16,London,Royal Mail,6,6,Yes,19.7,2025-09
SH00360,2026-06-09 00:00:00,P002,47,Birmingham,DPD,3,7,No,30.56,2026-06
SH00361,2025-04-30 00:00:00,P015,27,London,DHL,6,9,No,24.16,2025-04
SH00362,2025-12-19 00:00:00,P015,31,London,Royal Mail,2,5,No,25.12,2025-12
SH00363,2025-02-26 00:00:00,P013,49,London,Royal Mail,5,5,Yes,26.25,2025-02
SH00364,2025-02-09 00:00:00,P014,41,Birmingham,DPD,2,6,No,31.07,2025-02
SH00365,2025-12-02 00:00:00,P007,10,Manchester,Royal Mail,2,2,Yes,9.47,2025-12
SH00366,2025-06-22 00:00:00,P014,5,Manchester,DPD,3,3,Yes,16.15,2025-06
SH00367,2025-09-16 00:00:00,P010,10,London,Royal Mail,2,1,Yes,12.1,2025-09
SH00368,2026-06-01 00:00:00,P017,26,Manchester,Evri,5,9,No,24.5,2026-06
SH00369,2026-06-07 00:00:00,P014,45,Birmingham,Royal Mail,6,7,No,28.1,2026-06
SH00370,2025-04-27 00:00:00,P008,28,Manchester,DPD,5,4,Yes,17.48,2025-04
SH00371,2025-07-03 00:00:00,P004,29,London,DPD,3,6,No,21.75,2025-07
SH00372,2025-04-26 00:00:00,P016,19,London,Royal Mail,5,9,No,19.63,2025-04
SH00373,2025-06-11 00:00:00,P013,30,Manchester,Royal Mail,4,8,No,26.98,2025-06
SH00374,2026-06-27 00:00:00,P020,12,London,Royal Mail,6,5,Yes,15.25,2026-06
SH00375,2025-08-25 00:00:00,P018,28,Birmingham,Royal Mail,4,3,Yes,22.64,2025-08
SH00376,2025-03-07 00:00:00,P014,42,Manchester,DHL,4,6,No,25.76,2025-03
SH00377,2025-03-11 00:00:00,P018,10,Manchester,Evri,7,7,Yes,21,2025-03
SH00378,2026-03-23 00:00:00,P005,39,Manchester,Royal Mail,3,1,Yes,22.73,2026-03
SH00379,2026-02-20 00:00:00,P009,46,Birmingham,DPD,2,5,No,25.52,2026-02
SH00380,2026-06-16 00:00:00,P003,5,London,Royal Mail,4,3,Yes,11.66,2026-06
SH00381,2026-03-17 00:00:00,P008,50,London,DHL,5,5,Yes,27.65,2026-03
SH00382,2026-04-09 00:00:00,P020,40,Birmingham,DHL,2,2,Yes,21.4,2026-04
SH00383,2026-01-31 00:00:00,P010,16,Birmingham,DHL,5,5,Yes,18.15,2026-01
SH00384,2026-01-30 00:00:00,P019,42,London,Royal Mail,5,7,No,30.38,2026-01
SH00385,2025-11-22 00:00:00,P003,15,London,Evri,2,4,No,20.14,2025-11
SH00386,2025-04-01 00:00:00,P011,16,Birmingham,Royal Mail,2,1,Yes,14.52,2025-04
SH00387,2025-03-11 00:00:00,P011,46,Manchester,DPD,5,7,No,34.13,2025-03
SH00388,2025-06-15 00:00:00,P017,43,Manchester,DPD,3,4,No,30.18,2025-06
SH00389,2025-08-02 00:00:00,P016,11,Manchester,DHL,6,10,No,23.77,2025-08
SH00390,2025-12-01 00:00:00,P007,15,Manchester,DHL,7,11,No,23.15,2025-12
SH00391,2026-01-04 00:00:00,P004,40,Birmingham,Royal Mail,6,5,Yes,23.63,2026-01
SH00392,2025-02-18 00:00:00,P019,35,Manchester,Evri,3,5,No,22.49,2025-02
SH00393,2025-02-21 00:00:00,P012,37,Birmingham,DPD,7,7,Yes,28.43,2025-02
SH00394,2025-10-16 00:00:00,P015,17,Manchester,Royal Mail,2,3,No,16.02,2025-10
SH00395,2025-08-27 00:00:00,P011,22,Manchester,Evri,7,5,Yes,17.37,2025-08
SH00396,2025-05-13 00:00:00,P005,45,Manchester,DHL,5,7,No,29.88,2025-05
SH00397,2025-06-15 00:00:00,P005,28,London,Royal Mail,6,7,No,20.24,2025-06
SH00398,2026-01-09 00:00:00,P015,13,London,Royal Mail,7,7,Yes,20.72,2026-01
SH00399,2026-01-08 00:00:00,P018,35,London,Royal Mail,5,3,Yes,19.54,2026-01
SH00400,2026-04-23 00:00:00,P011,45,London,DHL,3,7,No,31.08,2026-04
SH00401,2026-04-24 00:00:00,P012,14,London,Royal Mail,7,7,Yes,21.54,2026-04
SH00402,2025-10-27 00:00:00,P002,6,London,Royal Mail,5,4,Yes,10.76,2025-10
SH00403,2025-03-23 00:00:00,P020,42,London,DHL,3,6,No,28.25,2025-03
SH00404,2025-03-28 00:00:00,P015,19,Birmingham,DPD,2,1,Yes,17.78,2025-03
SH00405,2025-08-13 00:00:00,P020,7,Birmingham,DHL,3,3,Yes,11.24,2025-08
SH00406,2025-01-16 00:00:00,P004,47,London,Evri,3,4,No,25.35,2025-01
SH00407,2025-12-24 00:00:00,P018,35,Birmingham,DPD,6,9,No,27.04,2025-12
SH00408,2025-06-12 00:00:00,P006,10,Birmingham,Evri,5,3,Yes,14.64,2025-06
SH00409,2026-05-29 00:00:00,P019,7,Birmingham,DPD,7,5,Yes,15.55,2026-05
SH00410,2025-12-16 00:00:00,P011,15,Manchester,DHL,6,6,Yes,15.7,2025-12
SH00411,2026-04-09 00:00:00,P002,19,London,DHL,4,4,Yes,17.91,2026-04
SH00412,2026-01-10 00:00:00,P008,49,London,DHL,3,7,No,29.6,2026-01
SH00413,2025-04-02 00:00:00,P011,32,London,DHL,4,6,No,27.34,2025-04
SH00414,2025-06-30 00:00:00,P005,14,London,Royal Mail,6,8,No,18.61,2025-06
SH00415,2025-10-28 00:00:00,P018,42,Birmingham,DHL,5,8,No,32.61,2025-10
SH00416,2025-07-08 00:00:00,P018,11,London,DPD,6,6,Yes,16.68,2025-07
SH00417,2025-11-10 00:00:00,P014,19,London,DPD,5,5,Yes,20.96,2025-11
SH00418,2026-05-08 00:00:00,P010,22,London,Royal Mail,5,3,Yes,18.48,2026-05
SH00419,2025-05-08 00:00:00,P003,22,London,Royal Mail,2,6,No,22.08,2025-05
SH00420,2026-06-03 00:00:00,P009,45,Birmingham,Royal Mail,3,4,No,26.51,2026-06
SH00421,2026-03-02 00:00:00,P003,28,Birmingham,Evri,6,10,No,28.95,2026-03
SH00422,2025-07-06 00:00:00,P011,6,London,DHL,5,5,Yes,14,2025-07
SH00423,2026-03-29 00:00:00,P012,44,London,DPD,6,6,Yes,28.46,2026-03
SH00424,2026-04-16 00:00:00,P012,24,London,DPD,6,5,Yes,21.04,2026-04
SH00425,2025-08-12 00:00:00,P003,38,London,DPD,5,5,Yes,28.45,2025-08
SH00426,2025-06-03 00:00:00,P007,47,Manchester,Royal Mail,7,10,No,34.73,2025-06
SH00427,2025-12-17 00:00:00,P014,30,London,DPD,4,3,Yes,19.99,2025-12
SH00428,2025-05-27 00:00:00,P011,11,Birmingham,DPD,3,6,No,18.61,2025-05
SH00429,2025-12-15 00:00:00,P007,42,Manchester,DPD,3,3,Yes,26.54,2025-12
SH00430,2025-07-01 00:00:00,P010,34,London,Evri,7,5,Yes,27.85,2025-07
SH00431,2025-06-28 00:00:00,P011,46,London,Evri,2,2,Yes,28.63,2025-06
SH00432,2025-02-08 00:00:00,P015,9,Manchester,DPD,7,5,Yes,16.83,2025-02
SH00433,2025-01-03 00:00:00,P019,15,Manchester,DHL,2,4,No,15.58,2025-01
SH00434,2025-03-05 00:00:00,P016,5,Birmingham,Evri,2,5,No,16.49,2025-03
SH00435,2025-01-29 00:00:00,P020,38,Manchester,Evri,7,7,Yes,28.2,2025-01
SH00436,2026-01-07 00:00:00,P012,5,Manchester,DHL,3,3,Yes,16.33,2026-01
SH00437,2026-06-07 00:00:00,P018,23,London,DPD,4,6,No,19.43,2026-06
SH00438,2025-04-07 00:00:00,P013,6,Manchester,Evri,3,3,Yes,9.44,2025-04
SH00439,2026-03-18 00:00:00,P005,25,Birmingham,Royal Mail,3,3,Yes,16.01,2026-03
SH00440,2025-07-22 00:00:00,P004,24,Birmingham,DHL,3,6,No,22.92,2025-07
SH00441,2026-02-15 00:00:00,P014,27,Manchester,Royal Mail,7,7,Yes,27.26,2026-02
SH00442,2025-01-21 00:00:00,P008,25,Manchester,Evri,7,9,No,20.87,2025-01
SH00443,2025-04-12 00:00:00,P009,28,London,Evri,7,6,Yes,25.01,2025-04
SH00444,2025-02-15 00:00:00,P019,8,London,Royal Mail,3,1,Yes,12.96,2025-02
SH00445,2025-03-07 00:00:00,P003,16,Birmingham,Royal Mail,4,5,No,19.96,2025-03
SH00446,2025-06-13 00:00:00,P005,26,Birmingham,DHL,2,5,No,20.44,2025-06
SH00447,2025-04-21 00:00:00,P018,24,Birmingham,Evri,6,4,Yes,22.56,2025-04
SH00448,2025-12-04 00:00:00,P001,22,Manchester,DHL,2,6,No,17.46,2025-12
SH00449,2025-05-03 00:00:00,P008,5,Manchester,Evri,2,2,Yes,13.59,2025-05
SH00450,2026-03-23 00:00:00,P019,34,London,DPD,6,6,Yes,23.44,2026-03
SH00451,2025-10-18 00:00:00,P017,37,London,Evri,3,3,Yes,23.46,2025-10
SH00452,2026-02-16 00:00:00,P017,28,Birmingham,DHL,4,2,Yes,22.18,2026-02
SH00453,2025-10-08 00:00:00,P011,18,Birmingham,DPD,4,8,No,19.67,2025-10
SH00454,2025-02-12 00:00:00,P002,40,Birmingham,DHL,2,2,Yes,21.28,2025-02
SH00455,2026-05-01 00:00:00,P006,9,Birmingham,Royal Mail,6,6,Yes,18,2026-05
SH00456,2025-02-20 00:00:00,P014,15,Birmingham,Evri,5,3,Yes,16.22,2025-02
SH00457,2025-07-29 00:00:00,P003,28,London,Royal Mail,3,3,Yes,20.62,2025-07
SH00458,2025-05-06 00:00:00,P012,35,London,DPD,2,1,Yes,19.2,2025-05
SH00459,2026-05-07 00:00:00,P004,17,Birmingham,DHL,4,4,Yes,13.83,2026-05
SH00460,2026-05-24 00:00:00,P012,20,London,Evri,7,7,Yes,20.58,2026-05
SH00461,2025-09-15 00:00:00,P013,28,London,Royal Mail,7,9,No,22.75,2025-09
SH00462,2025-07-07 00:00:00,P002,17,London,Royal Mail,6,9,No,25.3,2025-07
SH00463,2025-08-18 00:00:00,P002,28,Birmingham,Royal Mail,6,6,Yes,19.53,2025-08
SH00464,2025-07-08 00:00:00,P015,30,London,Royal Mail,2,4,No,21.55,2025-07
SH00465,2026-02-19 00:00:00,P017,6,Manchester,DPD,5,5,Yes,11.02,2026-02
SH00466,2025-01-10 00:00:00,P007,20,Birmingham,Royal Mail,4,4,Yes,15.36,2025-01
SH00467,2025-04-24 00:00:00,P014,42,Birmingham,Royal Mail,2,3,No,26.67,2025-04
SH00468,2025-03-17 00:00:00,P012,50,Birmingham,Evri,5,5,Yes,31.18,2025-03
SH00469,2026-05-17 00:00:00,P017,5,London,Evri,6,6,Yes,11.41,2026-05
SH00470,2025-03-26 00:00:00,P014,15,Birmingham,DHL,7,11,No,19.16,2025-03
SH00471,2025-02-18 00:00:00,P006,39,Manchester,DPD,3,3,Yes,20.98,2025-02
SH00472,2026-05-10 00:00:00,P019,47,Manchester,DHL,7,9,No,34.65,2026-05
SH00473,2026-01-22 00:00:00,P006,33,Manchester,DHL,4,5,No,24.73,2026-01
SH00474,2026-01-24 00:00:00,P018,41,Birmingham,Royal Mail,4,4,Yes,22.25,2026-01
SH00475,2025-08-06 00:00:00,P005,21,London,Evri,7,9,No,23.35,2025-08
SH00476,2025-12-12 00:00:00,P006,43,London,DHL,7,8,No,31.95,2025-12
SH00477,2025-08-18 00:00:00,P002,46,Birmingham,DPD,5,4,Yes,30.65,2025-08
SH00478,2025-09-12 00:00:00,P008,32,London,Evri,2,2,Yes,24.47,2025-09
SH00479,2025-08-24 00:00:00,P015,33,London,Evri,6,5,Yes,22.67,2025-08
SH00480,2025-01-26 00:00:00,P015,47,Manchester,DPD,5,5,Yes,26.04,2025-01
SH00481,2025-09-18 00:00:00,P011,7,London,Royal Mail,3,1,Yes,9.25,2025-09
SH00482,2025-09-28 00:00:00,P001,14,London,DPD,7,10,No,24.11,2025-09
SH00483,2025-05-03 00:00:00,P018,46,Manchester,DHL,3,4,No,31.47,2025-05
SH00484,2025-09-14 00:00:00,P012,18,Manchester,DHL,3,2,Yes,15.83,2025-09
SH00485,2026-02-25 00:00:00,P012,16,London,DHL,5,8,No,19.24,2026-02
SH00486,2025-09-16 00:00:00,P011,46,Manchester,DPD,6,7,No,29.83,2025-09
SH00487,2025-02-16 00:00:00,P008,34,Manchester,Evri,4,6,No,23.74,2025-02
SH00488,2026-06-09 00:00:00,P007,36,London,Royal Mail,2,1,Yes,19.55,2026-06
SH00489,2025-07-27 00:00:00,P002,36,London,DPD,4,6,No,26.75,2025-07
SH00490,2025-11-07 00:00:00,P011,46,London,DPD,6,6,Yes,25.63,2025-11
SH00491,2025-05-29 00:00:00,P010,36,Birmingham,DHL,4,7,No,24.98,2025-05
SH00492,2026-03-14 00:00:00,P003,30,London,Royal Mail,7,8,No,26.99,2026-03
SH00493,2025-06-04 00:00:00,P020,5,Manchester,Evri,7,7,Yes,12.31,2025-06
SH00494,2025-03-31 00:00:00,P010,46,Manchester,DHL,5,8,No,27.97,2025-03
SH00495,2025-12-24 00:00:00,P018,6,Manchester,DHL,3,7,No,14.75,2025-12
SH00496,2025-06-23 00:00:00,P014,21,Manchester,Royal Mail,6,5,Yes,22.87,2025-06
SH00497,2025-08-05 00:00:00,P018,34,Manchester,Royal Mail,6,7,No,28.32,2025-08
SH00498,2026-04-01 00:00:00,P008,43,London,DPD,4,4,Yes,22.83,2026-04
SH00499,2025-07-18 00:00:00,P010,11,London,Royal Mail,5,5,Yes,16.36,2025-07
SH00500,2026-05-01 00:00:00,P013,31,Birmingham,Royal Mail,4,4,Yes,20.65,2026-05
SH00501,2026-06-17 00:00:00,P008,13,London,DHL,4,7,No,20.04,2026-06
SH00502,2025-07-19 00:00:00,P004,26,Birmingham,DPD,6,9,No,26.97,2025-07
SH00503,2026-01-06 00:00:00,P004,38,Birmingham,DPD,4,4,Yes,27.8,2026-01
SH00504,2026-03-24 00:00:00,P005,50,Manchester,Evri,3,6,No,30.7,2026-03
SH00505,2025-09-05 00:00:00,P001,5,London,Evri,4,7,No,20.01,2025-09
SH00506,2025-09-21 00:00:00,P017,13,Manchester,Evri,3,3,Yes,19.09,2025-09
SH00507,2025-02-27 00:00:00,P002,24,London,Royal Mail,6,5,Yes,23.96,2025-02
SH00508,2025-10-29 00:00:00,P008,23,Birmingham,Royal Mail,5,9,No,24.75,2025-10
SH00509,2025-01-31 00:00:00,P007,40,London,Royal Mail,7,6,Yes,26.58,2025-01
SH00510,2026-05-13 00:00:00,P015,44,Manchester,Evri,3,7,No,28.62,2026-05
SH00511,2025-09-06 00:00:00,P005,49,London,DHL,5,5,Yes,25.75,2025-09
SH00512,2025-09-28 00:00:00,P002,8,Birmingham,DPD,5,4,Yes,12.39,2025-09
SH00513,2026-01-29 00:00:00,P007,13,London,Royal Mail,3,1,Yes,15.2,2026-01
SH00514,2026-05-17 00:00:00,P008,45,London,Royal Mail,6,6,Yes,29.98,2026-05
SH00515,2025-03-25 00:00:00,P007,26,Birmingham,DHL,2,6,No,25.83,2025-03
SH00516,2025-12-31 00:00:00,P007,22,London,Royal Mail,5,9,No,20.2,2025-12
SH00517,2025-12-08 00:00:00,P014,16,London,Royal Mail,5,5,Yes,15.34,2025-12
SH00518,2026-02-11 00:00:00,P018,46,London,DPD,6,10,No,35.41,2026-02
SH00519,2026-03-01 00:00:00,P006,47,Birmingham,Royal Mail,6,7,No,29.62,2026-03
SH00520,2025-04-03 00:00:00,P004,43,Birmingham,DPD,4,2,Yes,21.8,2025-04
SH00521,2026-02-16 00:00:00,P010,13,London,Evri,6,7,No,22.82,2026-02
SH00522,2026-03-08 00:00:00,P018,10,Birmingham,DPD,5,9,No,21.9,2026-03
SH00523,2025-06-08 00:00:00,P012,23,London,Royal Mail,3,2,Yes,17.12,2025-06
SH00524,2025-01-14 00:00:00,P016,11,Birmingham,DHL,2,3,No,17.14,2025-01
SH00525,2026-01-08 00:00:00,P007,20,London,DHL,4,3,Yes,19.14,2026-01
SH00526,2025-08-13 00:00:00,P006,9,Birmingham,Royal Mail,3,3,Yes,16.17,2025-08
SH00527,2026-05-20 00:00:00,P005,20,London,DPD,2,5,No,22.02,2026-05
SH00528,2025-03-14 00:00:00,P003,5,Manchester,DPD,2,4,No,10.03,2025-03
SH00529,2025-09-06 00:00:00,P012,41,London,DHL,2,6,No,28.73,2025-09
SH00530,2026-05-26 00:00:00,P015,43,London,Evri,7,9,No,27.2,2026-05
SH00531,2025-08-04 00:00:00,P010,23,London,Royal Mail,3,1,Yes,13.3,2025-08
SH00532,2026-06-25 00:00:00,P020,41,Manchester,DHL,4,3,Yes,28.28,2026-06
SH00533,2025-08-08 00:00:00,P019,21,Birmingham,Royal Mail,4,5,No,20.07,2025-08
SH00534,2025-08-09 00:00:00,P016,30,Birmingham,Evri,2,4,No,23.99,2025-08
SH00535,2026-01-24 00:00:00,P011,26,Manchester,Royal Mail,3,3,Yes,22.51,2026-01
SH00536,2025-02-11 00:00:00,P008,12,Manchester,DPD,7,11,No,25.7,2025-02
SH00537,2025-10-10 00:00:00,P003,37,Birmingham,Royal Mail,2,4,No,27.5,2025-10
SH00538,2025-02-27 00:00:00,P007,6,London,DHL,6,7,No,16.27,2025-02
SH00539,2026-06-21 00:00:00,P007,34,Manchester,DPD,4,5,No,23.09,2026-06
SH00540,2025-03-14 00:00:00,P014,24,London,DHL,5,3,Yes,16.34,2025-03
SH00541,2025-05-09 00:00:00,P002,22,Birmingham,Royal Mail,2,2,Yes,16.7,2025-05
SH00542,2026-03-02 00:00:00,P010,47,Birmingham,DHL,6,6,Yes,28.78,2026-03
SH00543,2025-05-05 00:00:00,P019,14,Manchester,Evri,4,6,No,18.78,2025-05
SH00544,2025-03-08 00:00:00,P009,28,Birmingham,DPD,7,7,Yes,25.42,2025-03
SH00545,2025-01-06 00:00:00,P016,8,Birmingham,DHL,3,3,Yes,17.33,2025-01
SH00546,2025-11-10 00:00:00,P019,41,Manchester,DPD,4,6,No,29.58,2025-11
SH00547,2025-11-22 00:00:00,P018,8,London,DHL,3,3,Yes,14.65,2025-11
SH00548,2026-05-21 00:00:00,P009,17,London,DPD,3,2,Yes,14.43,2026-05
SH00549,2025-03-23 00:00:00,P016,29,Birmingham,DPD,7,8,No,21.63,2025-03
SH00550,2025-01-02 00:00:00,P013,17,Manchester,DHL,7,10,No,21.26,2025-01
SH00551,2025-07-23 00:00:00,P010,22,London,DHL,2,2,Yes,19.65,2025-07
SH00552,2026-02-08 00:00:00,P020,28,London,DPD,2,6,No,20.84,2026-02
SH00553,2025-04-13 00:00:00,P014,6,London,DHL,4,7,No,18.1,2025-04
SH00554,2026-06-20 00:00:00,P012,37,London,Royal Mail,7,9,No,29.69,2026-06
SH00555,2026-01-03 00:00:00,P019,23,Manchester,Royal Mail,6,8,No,20.62,2026-01
SH00556,2025-07-31 00:00:00,P007,13,Birmingham,Royal Mail,4,4,Yes,14.24,2025-07
SH00557,2025-07-28 00:00:00,P015,32,Birmingham,DPD,5,6,No,24.57,2025-07
SH00558,2025-04-27 00:00:00,P016,39,Birmingham,Royal Mail,3,3,Yes,23.7,2025-04
SH00559,2026-04-23 00:00:00,P008,43,Manchester,Evri,3,1,Yes,26.18,2026-04
SH00560,2025-04-15 00:00:00,P010,14,London,DHL,2,2,Yes,16.58,2025-04
SH00561,2026-05-10 00:00:00,P004,5,London,DHL,6,4,Yes,13.95,2026-05
SH00562,2025-02-15 00:00:00,P019,46,Birmingham,DHL,7,7,Yes,32.98,2025-02
SH00563,2025-11-27 00:00:00,P019,25,London,DHL,7,7,Yes,23.55,2025-11
SH00564,2025-08-04 00:00:00,P015,13,London,DHL,2,2,Yes,18.07,2025-08
SH00565,2026-05-07 00:00:00,P014,19,London,Royal Mail,5,9,No,20.49,2026-05
SH00566,2026-03-25 00:00:00,P001,39,London,DPD,4,4,Yes,26.96,2026-03
SH00567,2026-06-20 00:00:00,P016,9,London,Evri,4,5,No,14.61,2026-06
SH00568,2026-05-26 00:00:00,P010,45,Manchester,DHL,6,7,No,28.28,2026-05
SH00569,2026-04-03 00:00:00,P019,26,London,DPD,2,4,No,18.14,2026-04
SH00570,2026-06-20 00:00:00,P003,45,Manchester,Evri,2,6,No,29.57,2026-06
SH00571,2026-06-24 00:00:00,P005,27,London,Evri,5,7,No,21.47,2026-06
SH00572,2026-04-29 00:00:00,P009,11,Manchester,DPD,4,2,Yes,11.25,2026-04
SH00573,2025-01-16 00:00:00,P018,27,Manchester,Royal Mail,2,5,No,25.87,2025-01
SH00574,2025-08-31 00:00:00,P011,48,Manchester,Evri,7,7,Yes,33.51,2025-08
SH00575,2025-07-26 00:00:00,P016,29,Manchester,DPD,6,10,No,29.14,2025-07
SH00576,2025-09-28 00:00:00,P002,31,London,DHL,4,4,Yes,24.8,2025-09
SH00577,2025-04-25 00:00:00,P012,45,London,Evri,5,5,Yes,32,2025-04
SH00578,2025-10-26 00:00:00,P006,10,London,DPD,6,5,Yes,16.59,2025-10
SH00579,2026-04-28 00:00:00,P011,38,London,DHL,3,3,Yes,21.76,2026-04
SH00580,2026-02-01 00:00:00,P008,13,London,DPD,7,11,No,25.35,2026-02
SH00581,2026-01-29 00:00:00,P012,37,Manchester,DPD,5,7,No,29.19,2026-01
SH00582,2025-03-16 00:00:00,P002,10,Birmingham,Evri,6,4,Yes,14.41,2025-03
SH00583,2026-04-27 00:00:00,P009,41,Birmingham,DHL,2,2,Yes,23.94,2026-04
SH00584,2025-04-13 00:00:00,P015,35,Manchester,Evri,3,2,Yes,21.34,2025-04
SH00585,2025-10-24 00:00:00,P002,38,Birmingham,DPD,5,3,Yes,27.44,2025-10
SH00586,2025-06-27 00:00:00,P001,45,Birmingham,DPD,2,6,No,27.9,2025-06
SH00587,2025-08-03 00:00:00,P010,33,Manchester,DHL,7,10,No,32.26,2025-08
SH00588,2025-11-11 00:00:00,P002,18,London,Royal Mail,3,3,Yes,20.28,2025-11
SH00589,2025-02-08 00:00:00,P012,40,London,Evri,4,3,Yes,25.74,2025-02
SH00590,2025-09-16 00:00:00,P008,40,Manchester,DPD,2,1,Yes,23.54,2025-09
SH00591,2025-01-07 00:00:00,P005,19,Manchester,DHL,6,8,No,20.81,2025-01
SH00592,2025-02-18 00:00:00,P001,12,Manchester,Royal Mail,5,4,Yes,11.95,2025-02
SH00593,2026-06-22 00:00:00,P015,30,Birmingham,Royal Mail,3,1,Yes,16.42,2026-06
SH00594,2025-06-10 00:00:00,P006,40,Manchester,DHL,2,1,Yes,24.93,2025-06
SH00595,2025-06-25 00:00:00,P012,25,London,Royal Mail,4,6,No,21.92,2025-06
SH00596,2025-01-02 00:00:00,P008,32,London,Royal Mail,5,7,No,22.7,2025-01
SH00597,2026-03-31 00:00:00,P013,8,London,DPD,5,6,No,14.31,2026-03
SH00598,2025-10-03 00:00:00,P019,20,Birmingham,DPD,2,2,Yes,20.38,2025-10
SH00599,2026-05-13 00:00:00,P001,26,London,DHL,4,4,Yes,19.64,2026-05
SH00600,2025-01-28 00:00:00,P011,16,London,Royal Mail,7,7,Yes,23.16,2025-01
SH00601,2025-11-29 00:00:00,P020,20,London,Royal Mail,7,11,No,23.34,2025-11
SH00602,2025-01-01 00:00:00,P001,44,Birmingham,DPD,3,3,Yes,26.45,2025-01
SH00603,2025-07-07 00:00:00,P008,42,Manchester,DPD,2,6,No,24.26,2025-07
SH00604,2025-02-25 00:00:00,P005,46,Birmingham,DHL,3,3,Yes,26.98,2025-02
SH00605,2025-04-22 00:00:00,P017,41,London,Evri,7,6,Yes,28.85,2025-04
SH00606,2025-11-06 00:00:00,P008,33,Birmingham,DPD,5,5,Yes,21.92,2025-11
SH00607,2025-02-05 00:00:00,P010,22,Birmingham,DPD,3,4,No,19.93,2025-02
SH00608,2026-03-15 00:00:00,P002,14,Birmingham,DPD,4,5,No,18.58,2026-03
SH00609,2025-11-21 00:00:00,P009,46,London,DPD,6,6,Yes,31,2025-11
SH00610,2025-11-03 00:00:00,P003,43,Birmingham,DHL,7,5,Yes,29.76,2025-11
SH00611,2026-06-18 00:00:00,P018,22,Manchester,DHL,7,7,Yes,20.49,2026-06
SH00612,2025-04-19 00:00:00,P007,5,London,DHL,4,4,Yes,13.89,2025-04
SH00613,2026-01-07 00:00:00,P015,43,London,Royal Mail,3,4,No,30.5,2026-01
SH00614,2025-12-23 00:00:00,P020,25,London,DHL,2,1,Yes,20.84,2025-12
SH00615,2025-06-30 00:00:00,P018,5,Birmingham,DHL,5,9,No,21.47,2025-06
SH00616,2025-12-22 00:00:00,P003,19,London,Royal Mail,6,6,Yes,19.14,2025-12
SH00617,2025-03-09 00:00:00,P014,8,London,DHL,2,2,Yes,14.9,2025-03
SH00618,2025-10-19 00:00:00,P002,24,London,Royal Mail,2,1,Yes,18.26,2025-10
SH00619,2025-06-30 00:00:00,P014,14,Manchester,DPD,4,7,No,15.86,2025-06
SH00620,2026-04-11 00:00:00,P011,27,Birmingham,DHL,3,3,Yes,22.74,2026-04
SH00621,2026-03-10 00:00:00,P016,45,Birmingham,DPD,7,8,No,32.37,2026-03
SH00622,2026-04-09 00:00:00,P008,38,Manchester,DHL,7,6,Yes,24.29,2026-04
SH00623,2026-06-18 00:00:00,P007,50,London,Evri,4,6,No,27.54,2026-06
SH00624,2025-03-07 00:00:00,P011,37,Manchester,DPD,3,3,Yes,26.35,2025-03
SH00625,2025-01-21 00:00:00,P003,38,Birmingham,DHL,4,8,No,25.13,2025-01
SH00626,2026-01-19 00:00:00,P017,43,London,DHL,7,11,No,29.68,2026-01
SH00627,2025-02-08 00:00:00,P014,14,Manchester,DPD,2,4,No,15.92,2025-02
SH00628,2025-10-12 00:00:00,P006,24,Manchester,DHL,5,8,No,20.68,2025-10
SH00629,2025-12-02 00:00:00,P008,5,Manchester,DHL,3,3,Yes,15.76,2025-12
SH00630,2025-07-07 00:00:00,P005,17,London,DPD,6,6,Yes,19.11,2025-07
SH00631,2025-08-31 00:00:00,P008,5,Manchester,Evri,6,5,Yes,14.8,2025-08
SH00632,2025-03-14 00:00:00,P002,9,Manchester,DPD,2,4,No,18.17,2025-03
SH00633,2026-04-24 00:00:00,P015,20,London,Royal Mail,4,7,No,21.54,2026-04
SH00634,2025-04-11 00:00:00,P012,19,London,Evri,4,8,No,20.68,2025-04
SH00635,2026-05-29 00:00:00,P017,32,London,DHL,7,9,No,29.68,2026-05
SH00636,2025-06-25 00:00:00,P001,35,Manchester,Evri,2,5,No,24.29,2025-06
SH00637,2025-08-26 00:00:00,P015,27,Birmingham,Royal Mail,7,11,No,25.9,2025-08
SH00638,2025-02-28 00:00:00,P014,49,London,DPD,7,8,No,34.14,2025-02
SH00639,2025-04-09 00:00:00,P020,47,London,Evri,6,5,Yes,31.36,2025-04
SH00640,2026-05-10 00:00:00,P016,21,London,DHL,7,6,Yes,23.08,2026-05
SH00641,2026-05-29 00:00:00,P009,38,Birmingham,DHL,7,7,Yes,31.42,2026-05
SH00642,2025-10-24 00:00:00,P001,17,London,Royal Mail,6,10,No,25.24,2025-10
SH00643,2025-07-30 00:00:00,P017,18,Manchester,DPD,4,6,No,21.86,2025-07
SH00644,2025-05-03 00:00:00,P013,15,Birmingham,DPD,3,2,Yes,17.91,2025-05
SH00645,2025-08-17 00:00:00,P005,32,Manchester,DHL,5,8,No,22.4,2025-08
SH00646,2026-01-23 00:00:00,P010,46,London,Royal Mail,7,9,No,31.1,2026-01
SH00647,2025-05-20 00:00:00,P006,36,London,Royal Mail,3,7,No,28.8,2025-05
SH00648,2026-06-25 00:00:00,P019,39,Birmingham,Royal Mail,6,9,No,30.55,2026-06
SH00649,2026-01-26 00:00:00,P013,35,London,Evri,3,3,Yes,20.37,2026-01
SH00650,2025-09-27 00:00:00,P001,21,London,DPD,5,3,Yes,16.48,2025-09
SH00651,2025-01-12 00:00:00,P020,13,Manchester,DHL,3,2,Yes,13.04,2025-01
SH00652,2026-01-24 00:00:00,P015,14,London,Royal Mail,3,2,Yes,15.24,2026-01
SH00653,2025-12-03 00:00:00,P014,12,London,Royal Mail,3,3,Yes,17.55,2025-12
SH00654,2026-05-21 00:00:00,P008,25,London,DHL,3,4,No,23.81,2026-05
SH00655,2025-04-16 00:00:00,P010,17,London,DHL,2,2,Yes,17.75,2025-04
SH00656,2025-02-01 00:00:00,P009,9,Manchester,Evri,7,11,No,23.79,2025-02
SH00657,2025-03-15 00:00:00,P017,10,London,Evri,6,6,Yes,16.66,2025-03
SH00658,2025-06-20 00:00:00,P009,34,London,Royal Mail,5,6,No,24.42,2025-06
SH00659,2025-03-10 00:00:00,P003,35,Birmingham,DHL,6,7,No,25.69,2025-03
SH00660,2025-12-28 00:00:00,P011,21,London,Evri,2,1,Yes,17.18,2025-12
SH00661,2026-03-09 00:00:00,P012,15,London,Evri,2,5,No,14.74,2026-03
SH00662,2025-04-10 00:00:00,P010,24,London,DPD,2,2,Yes,18.84,2025-04
SH00663,2025-01-09 00:00:00,P017,13,London,Evri,7,8,No,21.07,2025-01
SH00664,2025-01-29 00:00:00,P017,6,London,Evri,2,2,Yes,11.41,2025-01
SH00665,2025-04-24 00:00:00,P011,41,London,Evri,3,2,Yes,27.78,2025-04
SH00666,2026-04-07 00:00:00,P004,5,Manchester,Evri,6,6,Yes,16.02,2026-04
SH00667,2025-05-23 00:00:00,P007,8,London,Royal Mail,4,2,Yes,10.36,2025-05
SH00668,2026-01-25 00:00:00,P014,40,Manchester,Royal Mail,5,9,No,29.93,2026-01
SH00669,2025-06-06 00:00:00,P007,29,Manchester,DPD,2,4,No,23.15,2025-06
SH00670,2025-12-01 00:00:00,P008,7,Birmingham,Royal Mail,6,6,Yes,14.44,2025-12
SH00671,2025-09-17 00:00:00,P001,13,London,Royal Mail,2,2,Yes,10.99,2025-09
SH00672,2025-03-23 00:00:00,P004,26,London,Evri,7,8,No,24.97,2025-03
SH00673,2026-03-17 00:00:00,P012,27,Birmingham,DPD,2,2,Yes,22.83,2026-03
SH00674,2025-06-21 00:00:00,P003,16,Birmingham,Royal Mail,2,4,No,17.08,2025-06
SH00675,2025-08-19 00:00:00,P013,14,Birmingham,DPD,2,3,No,18.85,2025-08
SH00676,2025-03-16 00:00:00,P020,38,London,Royal Mail,2,6,No,29.38,2025-03
SH00677,2025-09-27 00:00:00,P006,47,Manchester,Royal Mail,5,5,Yes,26.13,2025-09
SH00678,2025-03-03 00:00:00,P011,14,London,DHL,6,6,Yes,19.97,2025-03
SH00679,2025-11-16 00:00:00,P004,34,London,DPD,7,7,Yes,25.68,2025-11
SH00680,2025-04-12 00:00:00,P020,26,London,DHL,2,1,Yes,16,2025-04
SH00681,2026-03-05 00:00:00,P016,10,London,DHL,2,2,Yes,14.8,2026-03
SH00682,2025-09-12 00:00:00,P007,6,Birmingham,Royal Mail,2,2,Yes,13.84,2025-09
SH00683,2026-06-16 00:00:00,P011,34,Manchester,DHL,2,4,No,20.94,2026-06
SH00684,2025-04-22 00:00:00,P001,6,Manchester,DPD,3,5,No,17.92,2025-04
SH00685,2025-11-09 00:00:00,P007,36,Manchester,DHL,3,1,Yes,23.51,2025-11
SH00686,2026-04-06 00:00:00,P012,46,Birmingham,DHL,4,4,Yes,31.17,2026-04
SH00687,2026-04-07 00:00:00,P007,20,Birmingham,Royal Mail,2,5,No,18.04,2026-04
SH00688,2025-04-02 00:00:00,P007,16,London,DPD,4,8,No,24.31,2025-04
SH00689,2025-02-21 00:00:00,P010,5,Birmingham,Evri,5,7,No,15,2025-02
SH00690,2026-06-04 00:00:00,P016,12,London,DPD,4,6,No,14.03,2026-06
SH00691,2025-04-08 00:00:00,P008,17,London,DHL,6,9,No,24.15,2025-04
SH00692,2025-08-24 00:00:00,P009,19,London,DPD,3,4,No,19.88,2025-08
SH00693,2026-01-09 00:00:00,P009,48,London,Royal Mail,3,3,Yes,28.28,2026-01
SH00694,2025-08-22 00:00:00,P002,12,Birmingham,Royal Mail,2,1,Yes,13.02,2025-08
SH00695,2025-02-01 00:00:00,P013,14,Manchester,Evri,2,4,No,12.76,2025-02
SH00696,2025-10-16 00:00:00,P013,50,London,Royal Mail,5,3,Yes,29.2,2025-10
SH00697,2026-06-26 00:00:00,P004,9,Manchester,DPD,7,5,Yes,14.98,2026-06
SH00698,2025-04-24 00:00:00,P012,23,Manchester,Royal Mail,5,9,No,24.63,2025-04
SH00699,2025-07-23 00:00:00,P017,42,Birmingham,Evri,6,8,No,29.33,2025-07
SH00700,2025-01-29 00:00:00,P002,15,Birmingham,DPD,2,2,Yes,18.78,2025-01
